Barcode,molecules,category,nearest_published_BC2_LV,nearest_published_BC1_LV
ATAAAAAAGCACAAGCCTTTTGACGA_CACCTAAATTAGTTATCCATTCGGCT,1531711,both_components_absent,7,10
CGATAAACCCACAATATGATTATCGG_TACACAAGAGGGTTTCTGTTTTATGG,665133,BC2_absent_BC1_known,7,0
TAATAAATGACTAATTGCCTTATTAT_TGGCAAATATAATTTTTAGTTCGTAC,104721,both_components_absent,7,6
TGATCAAGGACTAACTGTCTTTTTCT_ATTTAAATAAACTTTGCGCTTTTACT,70567,BC2_absent_BC1_known,7,0
CCCGCAAGGGGGAACCCGGTTGGCAG_CTATTAATCATTTTTTTTCTTGTTTT,59377,both_components_absent,7,9
CAGGTAATTATAAAACTCTTTGATTT_TAATTAACATCATTTAGTGTTACTGA,29171,BC2_absent_BC1_known,7,0
CTATCAAGTGGCAAAGCCTTTAGGAT_TGGCAAATATAATTTTTAGTTCGTAC,12945,both_components_absent,7,6
AACAAAAGACTTAAACTTATTCTTCG_TTAAAAATGCAATTAGAATTTATATT,10442,both_components_absent,7,9
GTCTCAATCATGAATCCTATTAGTGT_CACTAAAATTTGTTTGACTTTATTTA,7951,both_components_absent,7,10
AAGCCGTTTTTATCATAACTTCGT_TCTGTAACATTGTTAAAATTTCCATG,7314,BC2_absent_BC1_known,11,0
CCTACAACACTTCCTCAATAACTTCGT_GGTTTAATGTCATTAGCTTTTCTATT,6545,BC2_absent_BC1_known,10,0
GACTGAATATTTAAATCTTTTGTTTA_TAATTAACATCATTTAGTGTTACTGA,6510,BC2_absent_BC1_known,8,0
CCACAAATTTTGAATAAGATTTAAAC_TTGTCAATAGTGTTGATAATTAAGCA,6493,BC2_absent_BC1_known,6,0
GCTCAAATCAAAAATTGTTTTTTAAC_TTCCCAAGCGAATTATATTTTTGAGA,6060,BC2_absent_BC1_known,7,0
ACTCTAATGTTAAATTTCATTTTCAT_TACACAAGAGGGTTTCTGTTTTATGG,5966,BC2_absent_BC1_known,8,0
TATCTAAGTATTAAGCACCTTGACGA_TGCTAAAGTGTATTTTTCCTTACAAA,5710,BC2_absent_BC1_known,3,0
AAACGAATATGTAACTTTGTTCTGCC_TTAAAAATGCAATTAGAATTTATATT,5645,both_components_absent,6,9
TCCCAAAATCATAAATTCTTTTTATG_TGCTAAAGTGTATTTTTCCTTACAAA,5623,BC2_absent_BC1_known,7,0
TGGATAAGATTTAATTAAATTTGATG_GCACGAATTCGTTTGTTCCTTTCGTT,5507,BC2_absent_BC1_known,7,0
GTCAAAGTTCATTCTTTGATAACTTCGT_ATTTAAATAAACTTTGCGCTTTTACT,5499,BC2_absent_BC1_known,10,0
