"...1","...2","...3","...4"
"Supplementary Table 4b: Top barcodes in evolving populations under constant conditions.  Same as Supplementary Table 4a but for the evolution experiment under constant drug concentrations (Methods) with colors used in Extended Data Fig. 5 and Supplementary Fig. 16.",NA,NA,NA
NA,"Average frequency","Final frequency","Color (hex)"
"Low CMP r1",NA,NA,NA
"TGGTGAGAGGTTGTG","5.6073063148500003E-2","0.472084779412","#7e1e9c"
"CATTGACTATAGAAA","4.0979900986800002E-2","1.91532224315E-2","#653700"
"TTTTCAGGCATTAAA","3.1309751780199999E-2","5.08730649326E-2","#ffff14"
"GACTATCCTTTACGT","3.0636213218700001E-2","0.200138239212","#06c2ac"
"TCAGACAGTCCGTGC","1.80604703629E-2","2.40089432431E-2","#c79fef"
"ATTTTAAATCGTAAC","1.34204162135E-2","1.3422169223399999E-2","#ad8150"
"AATTGGTGCATAAGA","1.1224863019300001E-2","2.7918720699899998E-3","#6e750e"
"AGTACTCCCTGGATT","8.2118867568799995E-3","2.7474358634899999E-3","#ffb07c"
"TGTAAGGGGAAAGAT","8.1468161370799996E-3","1.09507856839E-3","#c7fdb5"
"GGTTCCAGCGAGTGA","7.7555136085099997E-3","3.0703592545600002E-3","#d0fefe"
"GGCAGAAAGCTAATT","6.8485087941099997E-3","2.76539296064E-3","#137e6d"
"AACGTATATACGTTG","6.5427513454700001E-3","2.05350058391E-3","#15b01a"
"CAGAGGAAAGGTGTA","6.3962553475699997E-3","4.5650593238600002E-3","#fdaa48"
"ATTGATATCCTCTGG","6.3975989715699998E-3","1.24293548015E-2","#b790d4"
"TCATTCGTGTAGGTA","6.2328348866799999E-3","1.7756221144999999E-3","#580f41"
"GGGTTAGGTTTAAGT","5.6283801398199999E-3","4.1133926769699999E-2","#703be7"
"AATGGGTATACAGTG","5.4105922585200002E-3","1.20154284944E-2","#acbf69"
"ATACAACGTGGTAGC","4.2548430442999998E-3","1.34952150423E-3","#4b5d16"
"GGCCTACTAATATAA","3.1614045883499998E-3","1.1316014778400001E-3","#0a888a"
"TTGGGATACCCTGCC","3.2288927300199999E-3","7.9193841994000004E-4","#be03fd"
"Low CMP r2",NA,NA,NA
"TGGTGAGAGGTTGTG","6.8490940186099997E-2","0.39705473854399997","#7e1e9c"
"CATTGACTATAGAAA","5.0921414615799999E-2","2.4053504360800001E-2","#653700"
"TTTTCAGGCATTAAA","3.26279609816E-2","6.01348911061E-2","#ffff14"
"TCAGACAGTCCGTGC","1.3692484785E-2","5.1816087173399998E-3","#c79fef"
"AATTGGTGCATAAGA","1.3195001760900001E-2","2.8277704691299999E-3","#6e750e"
"ATTTTAAATCGTAAC","1.17385738909E-2","4.62881337117E-3","#ad8150"
"TGTAAGGGGAAAGAT","8.5769483529100007E-3","1.4878508090499999E-3","#c7fdb5"
"GGTTCCAGCGAGTGA","6.9482640418400002E-3","3.1467391604599998E-3","#d0fefe"
"TCATTCGTGTAGGTA","5.5952898978199996E-3","1.6920410028000001E-3","#580f41"
"GGCAGAAAGCTAATT","5.58628218706E-3","1.37759312756E-3","#137e6d"
"CAGAGGAAAGGTGTA","5.4432225348899996E-3","1.56118849241E-3","#fdaa48"
"ATACAACGTGGTAGC","4.95772172752E-3","8.6189358903100005E-3","#4b5d16"
"ATGCAGAAATCTACT","5.1713836441399999E-3","4.4367540339500001E-2","#ff474c"
"TAAGGTGAAAGCTAT","4.8410942371900001E-3","2.1795356719999999E-2","#047495"
"GCTACTGACCCTGCA","4.8047274365800004E-3","2.1134312943999999E-2","#789b73"
"GGTCCAAGAGGATTA","4.1253141057100004E-3","8.4745209316299999E-3","#020035"
"GACTATCCTTTACGT","3.84596888302E-3","1.47428836076E-3","#06c2ac"
"AACGTATATACGTTG","3.6203472516199999E-3","1.18219340955E-3","#15b01a"
"ATTGATATCCTCTGG","3.4442163729800001E-3","9.9960267049599991E-4","#b790d4"
"AATGGGTATACAGTG","3.3349301595100001E-3","3.9280868760199999E-4","#acbf69"
"Low CMP r3",NA,NA,NA
"TGGTGAGAGGTTGTG","6.9498600141799996E-2","0.34190626637900001","#7e1e9c"
"CATTGACTATAGAAA","6.0196717491099998E-2","6.6985045465500007E-2","#653700"
"TTTTCAGGCATTAAA","3.0616830020499999E-2","7.3849367983600006E-2","#ffff14"
"CGCTTCGCTGTCTCC","1.49926001825E-2","0.14584005261399999","#00035b"
"TCAGACAGTCCGTGC","1.47387502328E-2","1.88989313485E-2","#c79fef"
"TGTAAGGGGAAAGAT","1.26172976187E-2","3.7560953745999999E-2","#c7fdb5"
"ATTTTAAATCGTAAC","1.14538837373E-2","1.93839086684E-2","#ad8150"
"AATTGGTGCATAAGA","1.09968146677E-2","3.7391367184199998E-3","#6e750e"
"GCGGTAGATGTCGGT","9.8830857926900002E-3","4.5178262551799998E-2","#4b006e"
"GGATATCTTATGACA","8.2786003217399998E-3","5.8224536632600001E-2","#7af9ab"
"TCATTCGTGTAGGTA","5.8035300829600003E-3","2.5604460840000002E-3","#580f41"
"GGTTCCAGCGAGTGA","5.5610573110600001E-3","3.1169534423600002E-3","#d0fefe"
"CTGGTCCGTGCAGGC","5.4139938384799996E-3","7.1775179808399999E-3","#929591"
"GGCAGAAAGCTAATT","5.3413621625800004E-3","3.3068464857399999E-3","#137e6d"
"CAGAGGAAAGGTGTA","5.0794536375800003E-3","4.3856511840400002E-3","#fdaa48"
"GACTATCCTTTACGT","4.2873177490399999E-3","2.64752613087E-3","#06c2ac"
"ATACAACGTGGTAGC","3.17916150672E-3","1.34644778353E-3","#4b5d16"
"ATTGATATCCTCTGG","3.15351417601E-3","9.1726755252900002E-4","#b790d4"
"GTATCCTTCGAAGGA","3.13544982779E-3","1.49883786555E-3","#632de9"
"TTGGGATACCCTGCC","2.9717638601600002E-3","1.10514824189E-3","#be03fd"
"Ultra-low CMP r1",NA,NA,NA
"AACGTATATACGTTG","5.2206246747200001E-2","0.19505591340799999","#15b01a"
"CGTAGTAGGAGTAAG","1.0453931303299999E-2","3.9572076939700003E-2","#e50000"
"AGGAATCCTTATTGC","9.5228842819000004E-3","3.4072532579899999E-2","#c20078"
"TATAGGGCTACTGGT","8.9260886836199996E-3","4.03300662405E-2","#d1b26f"
"GGGTGCAGTGCTACT","8.3057384166900002E-3","2.7880726974599999E-2","#ff796c"
"AGTACTCCCTGGATT","5.8894687733200002E-3","2.5324017031400001E-2","#ffb07c"
"TGAAAGTTGTACCTT","4.9567843005399997E-3","2.09953232818E-2","#380282"
"CTGGTCCGTGCAGGC","4.2192694528900001E-3","2.6892800884099999E-3","#929591"
"GGATCATGGCTTCAT","3.9545623410199996E-3","3.90065928581E-2","#00ffff"
"TACGCGGAGCTACAG","3.6526999204300001E-3","2.19680984985E-2","#aaff32"
"TGCCAGCTCTAGGGG","3.4170807527199999E-3","4.3556533925700001E-3","#ffd1df"
"TGAAAGGAGGACATA","3.6551382178800001E-3","1.35611460299E-2","#363737"
"CTCGGTTTTTGCAAT","3.2734520111800001E-3","1.3340567132899999E-2","#96f97b"
"AATGTGATGGACAGT","3.11214420688E-3","1.17798043309E-2","#d648d7"
"TTTCTGAAGAAGATA","3.03747266415E-3","1.37019600329E-2","#87ae73"
"TAGGGGTACTGTATT","3.0111708686599999E-3","1.0962548377E-2","#d6b4fc"
"GCAGGGTATAAAGAG","2.7584079863299999E-3","1.0240430997800001E-2","#000000"
"GCTAGAATGTCATTG","2.7524336574500001E-3","1.0272069587100001E-2","#0652ff"
"GAATGGGGATTTGAG","2.2963519743100002E-3","2.4531047036800002E-4","#0165fc"
"TACACGAAGGTGCTC","2.5319090972600001E-3","1.1496393869200001E-2","#ffa756"
"Ultra-low CMP r2",NA,NA,NA
"AACGTATATACGTTG","3.6108744030700003E-2","0.132865552522","#15b01a"
"CGTAGTAGGAGTAAG","1.6087923030499999E-2","6.09495052612E-2","#e50000"
"AGGAATCCTTATTGC","1.2485041277600001E-2","4.3012580251099997E-2","#c20078"
"GGATCATGGCTTCAT","1.0248484589E-2","0.10409595522200001","#00ffff"
"CATTTAGTCGTAAAA","6.6222399802799998E-3","2.4917004820100001E-2","#bf77f6"
"GGGTGCAGTGCTACT","5.1672550195899997E-3","1.383598671E-2","#ff796c"
"GGTCACTCAACGCCA","4.2680615898499996E-3","4.69602552413E-2","#ceb301"
"AGACGTTAACTCGAG","4.0167672994499996E-3","4.5256042655099998E-2","#840000"
"CTGGTCCGTGCAGGC","5.3805820710500002E-3","3.88949419067E-3","#929591"
"TACCCGATGTCGCTA","3.7735856518200002E-3","1.5555821918299999E-2","#02ab2e"
"GTCTGCACTACCTCA","3.6573415659000002E-3","1.28030081628E-2","#9ffeb0"
"CCTTAGATATAGGGT","3.6088328821400001E-3","1.33374095807E-2","#d5b60a"
"CTCGGTTTTTGCAAT","3.4685819257699998E-3","1.37166621999E-2","#96f97b"
"GCTTCGCCGGTGTAA","3.4127965593099998E-3","1.2611765719899999E-2","#a5a502"
"AATTGAGTGCACGGA","3.2070300440100001E-3","1.15817500838E-2","#a03623"
"AATTTTCTTTAGTGA","2.9848068960699999E-3","1.24520378768E-2","#c0737a"
"AGCAACAATAGTCGT","2.9355027696299999E-3","1.08221674233E-2","#5170d7"
"TGGAGTCAACAGGTA","2.7750567924800002E-3","1.0101641318099999E-2","#ffffe4"
"ATGCAGAAATCTACT","2.6249353002499999E-3","1.1875616992600001E-2","#ff474c"
"TGCCAGCTCTAGGGG","2.9504100468399999E-3","1.2164096790200001E-3","#ffd1df"
"Ultra-low CMP r3",NA,NA,NA
"AACGTATATACGTTG","3.6291298774200002E-2","0.119022051187","#15b01a"
"GAGTTAATTGGAGTT","1.6432614810699998E-2","7.9788783998500007E-2","#95d0fc"
"CGTAGTAGGAGTAAG","9.7363271211799995E-3","3.01449506593E-2","#e50000"
"AGGAATCCTTATTGC","9.4806475610300003E-3","2.5089065549800001E-2","#c20078"
"GGTATGGGGAAAGCC","7.9832562679800004E-3","3.09066294959E-2","#e6daa6"
"CTGGTCCGTGCAGGC","6.0733925818999999E-3","3.6710579239E-3","#929591"
"CTCGGTTTTTGCAAT","5.9913953829199996E-3","1.8901768508900001E-2","#96f97b"
"TACGCGGAGCTACAG","5.8438295706399997E-3","4.2546295455900003E-2","#aaff32"
"CCATTAAGTGGTGGT","5.5634473201299998E-3","2.0762376265999999E-2","#8f1402"
"GCTTTTCGCTAGCGG","4.8391753669000002E-3","1.8855193603499999E-2","#9aae07"
"GGTAATTATTGTCCA","4.3350442674500002E-3","4.7689836925700002E-2","#b0ff9d"
"TGCCAGCTCTAGGGG","3.4970547165500002E-3","1.4299690169400001E-3","#ffd1df"
"GGCTATCCTGCGGGT","3.6421440465999998E-3","1.08712994446E-2","#d2bd0a"
"CCATCGAGATCCAGG","3.4963526456E-3","3.5599230343700002E-2","#d8dcd6"
"AAACCACTCCTTGGT","3.2013941795900002E-3","1.0841682581700001E-2","#b04e0f"
"TGAGCGGCTTTGAGA","3.2123934904900002E-3","3.5395494988499997E-2","#2c6fbb"
"GTGCCGATTGCGGGA","2.8802893384700001E-3","8.5638114418500003E-3","#f10c45"
"CCGGCCGTGGAGACC","2.8603338845399999E-3","3.2127130861600003E-2","#b1d1fc"
"ATTGGGTTAATTTAT","2.8042512640799998E-3","2.7050466179000001E-2","#34013f"
"CTAGAGCGTCAGCAA","2.5354585005999998E-3","1.75479912602E-3","#516572"
"Low TMP r1",NA,NA,NA
"AACGTATATACGTTG","1.7211759892200001E-2","0.118719111069","#15b01a"
"TATGTACTGATGTGA","6.9312236557399999E-3","6.7064399919100001E-2","#029386"
"ATCGATTTGGTTCTT","4.5147368051099996E-3","4.5823800849700003E-2","#75bbfd"
"CGTAGTAGGAGTAAG","4.1059289328899996E-3","2.90020466464E-2","#e50000"
"TGGGGAGCGCGCAGG","2.9844584650400002E-3","1.8338764411500001E-2","#0504aa"
"CGCCTAAATGCATTT","2.4942142653700001E-3","2.5785377665000001E-2","#89fe05"
"TGCCAGCTCTAGGGG","2.5511002490400001E-3","2.6644808382000002E-3","#ffd1df"
"TTGGGATACCCTGCC","2.4764172970800002E-3","5.6491548819600005E-4","#be03fd"
"GAATGGGGATTTGAG","2.4177457013900001E-3","4.1754623040599997E-4","#0165fc"
"AAGGGAACGGCTCCG","2.2022253820799999E-3","1.55532621525E-2","#8eab12"
"TATTGAGCTAATCGT","2.0935418328299998E-3","1.49390002916E-2","#e2ca76"
"ATGCCACGACACCGT","1.9758095981100001E-3","3.4252188098499999E-4","#fac205"
"TACGCGGAGCTACAG","1.80274520078E-3","4.4344749389600002E-4","#aaff32"
"CAAGCCGAATGCACT","1.72216535628E-3","2.53363480022E-3","#5ca904"
"CATGTATCGTTTGCC","1.68298248243E-3","6.9151907784400005E-4","#ffff84"
"CTGGTCCGTGCAGGC","1.75617502509E-3","4.3083179228299998E-3","#929591"
"GGGTGCAGTGCTACT","1.6403008099299999E-3","3.57906338352E-3","#ff796c"
"ACATCGACAGGCGGG","1.52112856159E-3","5.2405401217299995E-4","#80013f"
"CCCGACTAGCTTGGT","1.52000865952E-3","3.2309593336799999E-4","#80f9ad"
"GTATGTGGAAGATTA","1.3918643215999999E-3","8.1213858247700006E-3","#650021"
"Low TMP r2",NA,NA,NA
"TGAAGAAAAATGGTG","9.7009664501099997E-3","9.0393090338699994E-2","#0343df"
"ATGTTTATCCGCTCA","7.7941833216200003E-3","6.4832948326700002E-2","#f97306"
"CTGGTCCGTGCAGGC","9.0736211310199991E-3","5.1359670059300004E-3","#929591"
"AACGTATATACGTTG","7.2795591647999997E-3","4.9434636957199997E-2","#15b01a"
"ACTGAGACACGGGTC","7.0425738294999998E-3","7.7942530303299999E-4","#033500"
"GGCGGCAGAGTAGTG","4.2559711284399998E-3","4.0027724738699998E-2","#677a04"
"GGGTCAACAGTCTTG","3.9276626756100004E-3","3.7129697507000001E-2","#cf6275"
"TGCCAGCTCTAGGGG","4.2496170649699997E-3","1.85275556768E-3","#ffd1df"
"CATTTAGTCGTAAAA","3.7613900050499998E-3","2.7336890737700001E-2","#bf77f6"
"TGCGTCAAAGGACTC","3.7093398027799999E-3","2.62552139273E-2","#b9a281"
"CGTAGTAGGAGTAAG","3.7451591857700002E-3","2.5367638701800001E-2","#e50000"
"CTAGAGCGTCAGCAA","3.7496809592500002E-3","2.0108071784600001E-3","#516572"
"AAAGTACCTGCAAGA","3.2257059409499999E-3","1.66025225747E-3","#bf9005"
"CGTTAACGGTAATAT","2.6472251821400001E-3","1.7711902813500002E-2","#fffe7a"
"AGGTGAATAGTTTTT","2.5035812990400002E-3","2.2098634149900001E-2","#7f2b0a"
"GAATGGGGATTTGAG","2.3825947127399999E-3","6.3060816839099999E-4","#0165fc"
"TTGGGATACCCTGCC","2.3691298896000002E-3","6.2084093401799999E-4","#be03fd"
"ATCGACTTTCGCCGA","2.1546050459699999E-3","2.0969364270199999E-2","#74a662"
"ATGCCACGACACCGT","1.8969421585499999E-3","4.4893760903799999E-4","#fac205"
"TACGCGGAGCTACAG","1.72623835199E-3","4.9795136698699998E-4","#aaff32"
"Low TMP r3",NA,NA,NA
"ATAGTCGGTCTTCAA","4.3238362599799997E-2","0.485635531083","#ff81c0"
"AACGTATATACGTTG","1.1017793629099999E-2","5.8546107597399998E-2","#15b01a"
"CGCCTAAATGCATTT","7.7576042912400004E-3","6.7893093567199997E-2","#89fe05"
"CGTAGTAGGAGTAAG","5.09671127284E-3","2.42134278022E-2","#e50000"
"GGGTGCAGTGCTACT","2.43148841809E-3","6.5360232150399999E-3","#ff796c"
"ATAACTGCGGGGATG","2.28485542338E-3","1.27173602621E-2","#cb416b"
"GAATGGGGATTTGAG","2.3753948687500002E-3","6.8006473343499999E-4","#0165fc"
"TTGGGATACCCTGCC","2.37191218814E-3","5.2304443952399995E-4","#be03fd"
"TGCCAGCTCTAGGGG","2.2547328541599999E-3","1.66432954581E-3","#ffd1df"
"ACTGAGACACGGGTC","2.11739861742E-3","4.8496594862999998E-4","#033500"
"TATAAGGCTTATCAG","1.7831996148999999E-3","9.5020809467400002E-3","#001146"
"AAAAGGAGCTGAGCA","1.7585391698400001E-3","8.7315263164100005E-3","#90e4c1"
"CATGTATCGTTTGCC","1.8096064824399999E-3","7.2883942963599996E-4","#ffff84"
"ATGCCACGACACCGT","1.8363940254500001E-3","4.6870771656299997E-4","#fac205"
"ATGGCTTCCGTCTAT","1.6662048348199999E-3","1.0554801473099999E-2","#ffffc2"
"TACGCGGAGCTACAG","1.74822940733E-3","3.2623426187099999E-4","#aaff32"
"CTGGTCCGTGCAGGC","1.6823975979199999E-3","4.8836734191799996E-3","#929591"
"TAACATTTCTCTTGT","1.55442817829E-3","1.00961481895E-2","#76cd26"
"ATGCAGAAATCTACT","1.49787063822E-3","9.1411909796800007E-3","#ff474c"
"ACATCGACAGGCGGG","1.4341650461699999E-3","3.1318489139600002E-4","#80013f"
"Ultra-low TMP r1",NA,NA,NA
"AACGTATATACGTTG","3.0459957471500002E-2","0.11827844173300001","#15b01a"
"CGTAGTAGGAGTAAG","1.29082749474E-2","5.2666594794299998E-2","#e50000"
"CATTTAGTCGTAAAA","5.3179510156999999E-3","2.6169472838400001E-2","#bf77f6"
"GTGCACATGCGTCTG","4.8318262974500004E-3","1.9193480805099999E-2","#13eac9"
"TATAAGGCTTATCAG","4.5223459966400002E-3","1.83774700109E-2","#001146"
"AGCAGAAAGGTGC","4.04254051695E-3","1.3439393249E-2","#8e82fe"
"GCGAGTTTTGAACTC","3.9414923637500002E-3","1.40597926297E-2","#0cff0c"
"AGATTGCTACCATAT","3.5914893563000001E-3","1.42271737596E-2","#c0fb2d"
"GTAAAGCCCGTTCAA","3.3696806701500001E-3","1.08268694505E-2","#014d4e"
"TGAAGAAAAATGGTG","3.25799963501E-3","3.9583747803499998E-2","#0343df"
"ATGCCTTCTGACACA","2.71314012147E-3","9.0441381594500003E-3","#c65102"
"CTTCTTAGGTTGGGA","2.6951135731200001E-3","9.3837907046799996E-3","#a83c09"
"GGGTGCAGTGCTACT","2.6174216284400001E-3","4.9689744738199999E-3","#ff796c"
"TTGGGATACCCTGCC","2.58478751086E-3","2.9186112034200001E-4","#be03fd"
"GAATGGGGATTTGAG","2.5662746648700001E-3","2.9563997719300001E-4","#0165fc"
"AGGCCAGTCCTTGGA","2.4427955610599999E-3","9.18573414853E-3","#cdfd02"
"AAGGGTGAAGAATAA","2.4207970705799999E-3","9.4584786989199993E-3","#ff000d"
"CTGGTCCGTGCAGGC","2.4578120302500002E-3","2.3737889597400001E-3","#929591"
"TGCCAGCTCTAGGGG","2.3756054762699998E-3","9.9361706620699998E-4","#ffd1df"
"ATGTTTATCCGCTCA","2.2287819244599999E-3","2.7524526448099999E-2","#f97306"
"Ultra-low TMP r2",NA,NA,NA
"AACGTATATACGTTG","4.25825458504E-2","0.190165654391","#15b01a"
"CGTAGTAGGAGTAAG","2.2843901738500001E-2","0.101716527944","#e50000"
"TCGGAGTATAATGGA","6.8239727567399999E-3","3.2045700634600001E-2","#9a0eea"
"TGCTTACCAACTGTC","6.1703397958800003E-3","2.7944839844100001E-2","#06470c"
"CTGCGAGGGGATGGC","6.01550795146E-3","3.2054375115300002E-2","#cea2fd"
"CATTTAGTCGTAAAA","5.0555390058499997E-3","2.31688875868E-2","#bf77f6"
"GGGTGCAGTGCTACT","4.1502842445300002E-3","1.4406577685299999E-2","#ff796c"
"AAGGATAGACAGTCT","3.56864802138E-3","1.7326191054999999E-2","#a2cffe"
"TTCGCTGTTTAAAAT","3.5196123100700001E-3","1.6466766871400002E-2","#610023"
"GTGCTTGTTATACAG","3.39652748696E-3","1.84796801372E-2","#341c02"
"CATGCCGTCGGATGG","3.3200671241399998E-3","1.3816929854E-2","#a9f971"
"ATAGGTGTATAGACT","3.27132457085E-3","1.50643201907E-2","#040273"
"AGGCATCGGGTGACG","3.2709443424499998E-3","1.7293011165999999E-2","#8c000f"
"TTACTGTGGATCGGT","3.0614311692699998E-3","1.4374915830400001E-2","#380835"
"TAAGTCGCCTGGGAT","2.8051230822299998E-3","1.29655295651E-2","#fc5a50"
"TTACGAGGCGATTTC","2.7704161087699999E-3","1.28184971158E-2","#b0dd16"
"ACATCCGATCATCTT","2.6902167920999998E-3","1.29804930445E-2","#069af3"
"TCTGAAGTCTGTTAC","2.57005235907E-3","1.32710881507E-2","#7ef4cc"
"TATGTAGTTCAGTAG","2.4670699707399998E-3","1.19113632879E-2","#856798"
"TGGATTATAAGAAAA","2.42221760931E-3","1.12961257383E-2","#0b8b87"
"Ultra-low TMP r3",NA,NA,NA
"AACGTATATACGTTG","3.2234768908500001E-2","0.14264651276000001","#15b01a"
"CTCGGTTTTTGCAAT","9.0217148904300007E-3","4.1508238694300002E-2","#96f97b"
"ACTGAGACACGGGTC","9.7402933377000005E-3","5.1345502800099997E-4","#033500"
"ACATGAGATCACGGA","7.36192649401E-3","3.2616101184600003E-2","#ae7181"
"GCAGGGTATAAAGAG","5.8352497783099996E-3","2.54968180298E-2","#000000"
"CGTAGTAGGAGTAAG","5.3075229388599996E-3","2.63146526281E-2","#e50000"
"TAACCTTGTCTACAG","4.5315881400800001E-3","2.03279714602E-2","#c04e01"
"TGGCACCCCACGGTA","4.5314975570399998E-3","2.5317751825500001E-2","#dbb40c"
"GGGATGGCAGACAGC","4.4171693247200003E-3","1.6101283538599999E-2","#aaa662"
"AAGATGGGTGTTTGA","3.9742633051299998E-3","2.0929805388299999E-2","#36013f"
"TATAGGGTGCCTTGA","3.64346807724E-3","1.88967609133E-2","#a57e52"
"ATCAGTAGATCATGG","3.5355367114399999E-3","1.6903948624199999E-2","#ffcfdc"
"TTGTTCAGCAAAGAT","3.3397888920000001E-3","1.5242722096499999E-2","#ed0dd9"
"AGAAAAGACAATATG","3.2941362554399999E-3","1.54839503258E-2","#5a7d9a"
"TGGCCGGTCGGACAC","3.1925103126900002E-3","1.46672699296E-2","#03719c"
"ATGCATCCCTGAGGG","3.0644333866400001E-3","1.4465614342199999E-2","#601ef9"
"GTCTGCACTACCTCA","3.0332676044700002E-3","1.15426800836E-2","#9ffeb0"
"AGTCTGCAGCATTAT","3.02491588223E-3","1.36223872988E-2","#bc13fe"
"CTTGTGGTCTCCCCG","2.9893737178600002E-3","1.3084199369599999E-2","#154406"
"GGGCGTTCCTGTTCT","2.76488993547E-3","1.26121307295E-2","#af884a"
"No drug r1",NA,NA,NA
"AACGTATATACGTTG","2.38948131258E-2","8.6582407921200005E-2","#15b01a"
"CGTAGTAGGAGTAAG","2.0898693604600001E-2","8.5648121013299994E-2","#e50000"
"AGGAATCCTTATTGC","1.4864525843099999E-2","6.1499323477499999E-2","#c20078"
"CCAGCTCGCGACCGT","5.5607920049300001E-3","2.2623909614100001E-2","#35063e"
"AGGATTATTGCGGCT","4.4609299547199999E-3","1.6775762412799999E-2","#ff028d"
"CGGAACGGTAGACCT","4.3539065146300003E-3","2.0140043272500002E-2","#53fca1"
"GCACCAGTAATATTA","4.2346055518500004E-3","1.7096752068500001E-2","#04d8b2"
"GGGTGCAGTGCTACT","4.1108503601100001E-3","1.2554511500899999E-2","#ff796c"
"CTCGGTTTTTGCAAT","3.7824630302499998E-3","1.5414985752500001E-2","#96f97b"
"TACGCGGAGCTACAG","3.4725741791499999E-3","2.0852605390999999E-2","#aaff32"
"TATAAGGCTTATCAG","3.32421358636E-3","1.5804562941500001E-2","#001146"
"ACCGTTGTGGAATTA","3.30479356348E-3","1.16962944026E-2","#0485d1"
"GTGTGGGCCAACCCT","3.2420708358299999E-3","1.2539796357400001E-2","#0b4008"
"GGTTCCGTTGGGGAT","3.0692590933200001E-3","1.1812020277000001E-2","#658b38"
"TAGCATCTGTTGGAG","2.84260526226E-3","1.02053261337E-2","#40a368"
"GCGTTGGTTCAGCCC","2.88760081411E-3","3.45965494236E-2","#5e819d"
"TAAGGCCCATCACTG","2.7746103310699998E-3","1.1377798838999999E-2","#5729ce"
"GGAAGCGATATGGGT","2.68992614376E-3","1.14239395432E-2","#1e488f"
"ATGGGGCCGAGCCAA","2.64267669148E-3","1.34638574876E-2","#6c3461"
"AAAAGTTAAGGATGT","2.43262688873E-3","2.1522518534200001E-2","#06b48b"
"No drug r2",NA,NA,NA
"AACGTATATACGTTG","5.9845171370199998E-2","0.31790577423499999","#15b01a"
"AGGAATCCTTATTGC","1.23176965961E-2","5.2640488675700002E-2","#c20078"
"CGTAGTAGGAGTAAG","1.17802464264E-2","3.7854590068800001E-2","#e50000"
"TCAATTGCCACCAA","7.4701588289699996E-3","7.9571645161400001E-2","#01ff07"
"GGGTGCAGTGCTACT","6.6816445282099996E-3","1.2630811394700001E-2","#ff796c"
"TACGCGGAGCTACAG","6.8170186362499999E-3","3.0855118197E-2","#aaff32"
"ATATCAACATCTGAA","4.7074553299899999E-3","1.4153361250099999E-2","#01153e"
"TTGGGATACCCTGCC","6.1810023513699996E-3","2.8788559183300002E-4","#be03fd"
"GAATGGGGATTTGAG","6.01921845761E-3","3.2235076832000002E-4","#0165fc"
"GGTGCGGAGAATATT","4.3025294934999998E-3","4.0945981242200002E-2","#c1f80a"
"CCCGACTAGCTTGGT","4.81208561367E-3","1.2931874848199999E-2","#80f9ad"
"ATGCCACGACACCGT","4.6848661983099997E-3","2.12535255003E-4","#fac205"
"TCAGGGGTATTCCAG","3.16930699631E-3","1.29933715356E-2","#607c8e"
"GGTGCCGTAGACTAG","2.6791673224799998E-3","1.10427101252E-2","#98eff9"
"TTTGTTAGACACAGA","2.3062294300600001E-3","6.7599051058800002E-3","#960056"
"ATGGGGCCGAGCCAA","2.2962364792099999E-3","9.5765885489800008E-3","#6c3461"
"CGTTTATGTTCATTT","2.2602789139999999E-3","8.5074922901100004E-3","#045c5a"
"CCAGGTTAGGATTAT","2.2616049203300001E-3","8.0952617478100009E-3","#d46a7e"
"GAAAAGCGCGCTACT","2.18058019185E-3","7.1660535582100003E-3","#a2a415"
"AGGATTATTGCGGCT","2.1612172011699999E-3","7.80264564156E-3","#ff028d"
"No drug r3",NA,NA,NA
"AACGTATATACGTTG","3.5084175583300001E-2","0.132206921127","#15b01a"
"CGTAGTAGGAGTAAG","2.1184214333399998E-2","8.2430354555400001E-2","#e50000"
"AGGAATCCTTATTGC","1.15397651597E-2","6.4665127559699997E-2","#c20078"
"GTATGTGGAAGATTA","5.9040185132000003E-3","2.7433223753800001E-2","#650021"
"GGGTGCAGTGCTACT","5.6354766974900002E-3","1.8317597275599999E-2","#ff796c"
"CTCGGTTTTTGCAAT","5.4191743453300004E-3","2.2049072043600002E-2","#96f97b"
"ATTATGGATTTCAAC","4.1998206968600002E-3","1.84886523729E-2","#3f9b0b"
"TGTCAAGACTGGCAT","4.1442387890799999E-3","1.6431557308499999E-2","#8fff9f"
"ACTGAGACACGGGTC","4.2125425264200001E-3","3.0617228865400002E-4","#033500"
"CGGAGATCGACCAGG","3.7635086843299998E-3","1.76186750161E-2","#fe01b1"
"AGCGTAGTGGAACAA","3.83291965917E-3","4.4566036952099999E-2","#6b8ba4"
"TTCGCTGTTTAAAAT","2.9718652974899998E-3","1.2149579164800001E-2","#610023"
"AGTAGTTTGTAGACG","2.9490455769299998E-3","1.2289130253700001E-2","#5b7c99"
"TGGTGCAATTTAAGG","2.40448528671E-3","9.6644963127499994E-3","#ffffff"
"TCGTTTTCCGTACGG","2.4711258025699998E-3","2.9121838601899999E-2","#fd3c06"
"TTGGGATACCCTGCC","2.3884692475699999E-3","2.78168725668E-4","#be03fd"
"CCTTAGATATAGGGT","2.12801107396E-3","8.1968762492199993E-3","#d5b60a"
"GTGTAGATGCTAGTT","2.3419366444900002E-3","2.6719599623700001E-2","#6f7632"
"GAATGGGGATTTGAG","2.28117637886E-3","3.0570556260399998E-4","#0165fc"
"CTAAGATTGATTCTA","2.3132150877799998E-3","2.01499637471E-2","#10a674"
