seed,condition,variant,method,repeat,fn,fp,ws,f1,absent_truth,fn_present,n_centroids,input_reads,output_reads,algorithm_s,wall_s,build_id,output_sha256
42,anchored_low_indels,baseline_sequence,hamming,0,177,82791,82135,0.1914553569688346,110.0,67.0,92614.0,1000000.0,1000000,13.373,20.01939420797862,barbac-2026-09-01-hamming-refinement-v11,6fd70ed97375d912205eecd20618542633e9888ebc6b5c213131bbcfdf1ded42
42,anchored_low_indels,baseline_sequence,lv,0,266,957,271,0.940892175341936,110.0,156.0,10691.0,1000000.0,1000000,40.805,46.32300958299311,barbac-2026-09-01-hamming-refinement-v11,66bff6ebdbe3743d36b6dd736b2792024854703d88f24d255230078d540d7360
42,anchored_low_indels,candidate_sequence,hamming,0,177,82791,82135,0.1914553569688346,110.0,67.0,92614.0,1000000.0,1000000,2.432,7.8463301669980865,barbac-2026-09-08-exact-partitions-v12,fa6fae2643d4e653fa68dc98fc3c65698812b12d0c8bc365d310ce34f59cce03
42,anchored_low_indels,candidate_sequence,lv,0,266,957,271,0.940892175341936,110.0,156.0,10691.0,1000000.0,1000000,5.067,10.628091499995207,barbac-2026-09-08-exact-partitions-v12,a30cad93c01eeaf6d576773c057787a370e6980378e81bec89cd0ca8bc1e8470
42,anchored_low_indels,candidate_support,hamming,0,164,81703,81051,0.1937383665389653,110.0,54.0,91539.0,1000000.0,1000000,3.048,8.766099041997222,barbac-2026-09-08-exact-partitions-v12,6a0842f93227d20759444298469165e7ec760b2d8a20f82c9bebfc8f31c8119e
42,anchored_low_indels,candidate_support,lv,0,200,886,200,0.947500725128106,110.0,90.0,10686.0,1000000.0,1000000,8.729,14.048782249999933,barbac-2026-09-08-exact-partitions-v12,08aae4bc1afb543939940dc31d6d0e650644a8092610ed0264e1639f35e00c8a
42,anchored_low_indels,shepherd,shepherd,0,177,10340,10199,0.6513277856977091,110.0,67.0,20163.0,1000000.0,954999,178.19314908981323,178.19314908981323,,f3e08c827c49a014f255cdbd8deba3222055b29086c421d78b398be03ac20a54
42,anchored_low_indels,starcode,starcode,0,476,1180,494,0.9200154559505409,110.0,366.0,10704.0,1000000.0,1000000,43.40575838088989,43.40575838088989,,703832cb35b1bfc5aeb4c4112a87700d112a7ba775bd0c1216d239d376476022
42,anchored_substitutions,baseline_sequence,hamming,0,79,78,69,0.992149607480374,34.0,45.0,9999.0,1000000.0,1000000,3.751,9.614313500002028,barbac-2026-09-01-hamming-refinement-v11,a9e7b9e495c99ec2907bebf43d567b4060d71423feedd2fce2541c779b49ebab
42,anchored_substitutions,baseline_sequence,lv,0,80,78,69,0.992099209920992,34.0,46.0,9998.0,1000000.0,1000000,13.004,18.63035529098124,barbac-2026-09-01-hamming-refinement-v11,0382d16075cee5bb78c49411971724c6d707b14415a645107dc2070d174ec415
42,anchored_substitutions,candidate_sequence,hamming,0,79,78,69,0.992149607480374,34.0,45.0,9999.0,1000000.0,1000000,0.637,6.195701124990592,barbac-2026-09-08-exact-partitions-v12,a9e7b9e495c99ec2907bebf43d567b4060d71423feedd2fce2541c779b49ebab
42,anchored_substitutions,candidate_sequence,lv,0,80,78,69,0.992099209920992,34.0,46.0,9998.0,1000000.0,1000000,1.111,6.445091583998874,barbac-2026-09-08-exact-partitions-v12,0382d16075cee5bb78c49411971724c6d707b14415a645107dc2070d174ec415
42,anchored_substitutions,candidate_support,hamming,0,68,67,58,0.9932496624831242,34.0,34.0,9999.0,1000000.0,1000000,1.063,6.588881250005215,barbac-2026-09-08-exact-partitions-v12,94f161e4d2e4b8fc9d1bf3265bcd9e95058cefc0a55afb1d5cdc7e83cd8d46e9
42,anchored_substitutions,candidate_support,lv,0,69,67,58,0.9931993199319932,34.0,35.0,9998.0,1000000.0,1000000,1.947,10.211284332996,barbac-2026-09-08-exact-partitions-v12,7d2f75d2120a9efeeba5337a4d17ea36df44314e77a5fc6ace5562496ca735e9
42,anchored_substitutions,shepherd,shepherd,0,79,78,69,0.9921496074803741,34.0,45.0,9999.0,1000000.0,1000000,221.85034704208377,221.85034704208377,,cfbc9a6ddafb8cdf0b3203194155a94775e61cff31e60f45219b00014f9ce39b
42,anchored_substitutions,starcode,starcode,0,319,266,257,0.9706722815460972,34.0,285.0,9947.0,1000000.0,1000000,6.845416069030762,6.845416069030762,,16ac514af2df490b99ca55aa07336ef8c7571c1158ab33936acc56a704e7e1cd
42,random_low_indels,baseline_sequence,hamming,0,103,55948,55792,0.2609796295075482,66.0,37.0,65845.0,1000000.0,1000000,3.394,12.28413625000394,barbac-2026-09-01-hamming-refinement-v11,12cc0a33da5ea802632b437baf12953386c80d63804db245dc5346552ed8f189
42,random_low_indels,baseline_sequence,lv,0,170,350,171,0.9742319127849356,66.0,104.0,10180.0,1000000.0,1000000,3.675,9.759989749989472,barbac-2026-09-01-hamming-refinement-v11,22a4a852892389799e2f230f8c47c7f07df302e6ac3cfbf9003ecbe138835a13
42,random_low_indels,candidate_sequence,hamming,0,103,55948,55792,0.2609796295075482,66.0,37.0,65845.0,1000000.0,1000000,1.576,7.686924415989779,barbac-2026-09-08-exact-partitions-v12,43ba43a5738de21e71562c5a9db0e448505ef066fed08b32b09536b2dc37f552
42,random_low_indels,candidate_sequence,lv,0,170,350,171,0.9742319127849356,66.0,104.0,10180.0,1000000.0,1000000,2.21,7.888785499992082,barbac-2026-09-08-exact-partitions-v12,615403c522d73884f7238150b79fc5ef892a792a2f72e75c59d9a2507b8b26dd
42,random_low_indels,candidate_support,hamming,0,94,55307,55150,0.2634119101751027,66.0,28.0,65213.0,1000000.0,1000000,1.951,8.284276833001059,barbac-2026-09-08-exact-partitions-v12,071e889203b28a3f1481c556a67aa4718b5975d24493153bb261b057eeb43939
42,random_low_indels,candidate_support,lv,0,134,314,135,0.9777998017839444,66.0,68.0,10180.0,1000000.0,1000000,4.329,10.052923416980777,barbac-2026-09-08-exact-partitions-v12,1de011b25d7ceaf14b177cb238510ab19ef881ede6e08b68ad815e929ff0bd3e
42,random_low_indels,shepherd,shepherd,0,103,4924,4890,0.7974698843721043,66.0,37.0,14821.0,1000000.0,975979,5.187458753585815,5.187458753585815,,8dabb5fabc6fa11099489e8e7387c3169b562db33ddbecbceb5213a70492be10
42,random_low_indels,starcode,starcode,0,158,338,159,0.9754212091179385,66.0,92.0,10180.0,1000000.0,1000000,27.07581329345703,27.07581329345703,,b4300d735c138358dfb332017b5480aecbcaf9f5e30bb1d40005ac725f9ce3db
42,random_substitutions,baseline_sequence,hamming,0,54,58,54,0.9944011197760448,21.0,33.0,10004.0,1000000.0,1000000,0.372,6.788790791993961,barbac-2026-09-01-hamming-refinement-v11,781773ed9d9457b2098e62659ef26e8f5b996fb652aa14ee84dc7de22aa77cf2
42,random_substitutions,baseline_sequence,lv,0,54,58,54,0.9944011197760448,21.0,33.0,10004.0,1000000.0,1000000,0.973,6.43002400000114,barbac-2026-09-01-hamming-refinement-v11,781773ed9d9457b2098e62659ef26e8f5b996fb652aa14ee84dc7de22aa77cf2
42,random_substitutions,candidate_sequence,hamming,0,54,58,54,0.9944011197760448,21.0,33.0,10004.0,1000000.0,1000000,0.357,5.6066181670175865,barbac-2026-09-08-exact-partitions-v12,781773ed9d9457b2098e62659ef26e8f5b996fb652aa14ee84dc7de22aa77cf2
42,random_substitutions,candidate_sequence,lv,0,54,58,54,0.9944011197760448,21.0,33.0,10004.0,1000000.0,1000000,0.817,6.609678125008941,barbac-2026-09-08-exact-partitions-v12,781773ed9d9457b2098e62659ef26e8f5b996fb652aa14ee84dc7de22aa77cf2
42,random_substitutions,candidate_support,hamming,0,49,53,49,0.9949010197960408,21.0,28.0,10004.0,1000000.0,1000000,0.489,5.769132166984491,barbac-2026-09-08-exact-partitions-v12,948ca9fea168cd1edc2f44606d19f72520f4eabf919714d887b9568a4a0c7f60
42,random_substitutions,candidate_support,lv,0,49,53,49,0.9949010197960408,21.0,28.0,10004.0,1000000.0,1000000,0.978,6.217765082983533,barbac-2026-09-08-exact-partitions-v12,948ca9fea168cd1edc2f44606d19f72520f4eabf919714d887b9568a4a0c7f60
42,random_substitutions,shepherd,shepherd,0,54,58,54,0.9944011197760448,21.0,33.0,10004.0,1000000.0,1000000,5.210211753845215,5.210211753845215,,fdc49b00cd45d06db3efaf99ebafcf4324ceeeb2faa4b3e6ac97ec369ffbfe2c
42,random_substitutions,starcode,starcode,0,48,51,47,0.9950507423886417,21.0,27.0,10003.0,1000000.0,1000000,4.556824207305908,4.556824207305908,,7f5fe2bdc1186c677b9e3f7bccc2122c2f1517d52f6db3d32d1a0e01005c11a6
43,anchored_low_indels,baseline_sequence,hamming,0,172,82430,81758,0.1922196796338672,113.0,59.0,92258.0,1000000.0,1000000,12.369,17.679778707999503,barbac-2026-09-01-hamming-refinement-v11,4d1cd723a2227033ab67a3e85bd6bf2b21be6c6ed3220aa9fb1b1cf4d1c500e1
43,anchored_low_indels,baseline_sequence,lv,0,260,982,275,0.940063700415018,113.0,147.0,10722.0,1000000.0,1000000,39.455,44.73487854198902,barbac-2026-09-01-hamming-refinement-v11,95baf9e297bafe6f662af1203982ad6f6729564dd9d78926d095c39d91fef4ae
43,anchored_low_indels,candidate_sequence,hamming,0,172,82430,81758,0.1922196796338672,113.0,59.0,92258.0,1000000.0,1000000,2.305,7.5951860419882,barbac-2026-09-08-exact-partitions-v12,9239ad3e2a7fbcae0ed6e879bc6cf438f903690bba17ac5f77cd47d7ec40d425
43,anchored_low_indels,candidate_sequence,lv,0,260,981,274,0.9401090680951693,113.0,147.0,10721.0,1000000.0,1000000,5.021,10.305214874999365,barbac-2026-09-08-exact-partitions-v12,6fa5d5faf459abda913f5ca592787b8a7ff04e923c4fbc54acf1f14ebc798f5f
43,anchored_low_indels,candidate_support,hamming,0,159,81387,80715,0.1944323704903781,113.0,46.0,91228.0,1000000.0,1000000,2.824,8.10451775000547,barbac-2026-09-08-exact-partitions-v12,fd1e5236527139aa41c7eef850e469006235cdb3ba448509470b0f69835c92c2
43,anchored_low_indels,candidate_support,lv,0,194,906,199,0.9468906913866356,113.0,81.0,10712.0,1000000.0,1000000,9.277,14.496556457976112,barbac-2026-09-08-exact-partitions-v12,34c4480787fe1f6791df14f49bc3f5b923e6a6225b38170bb2a1c3fb18a6abd1
43,anchored_low_indels,shepherd,shepherd,0,172,10275,10120,0.6529581769258878,113.0,59.0,20103.0,1000000.0,955574,175.53390312194824,175.53390312194824,,72c76aac61be92506a55a6af445c899a02a876d4398e57e4ab2f6dc2bf55487f
43,anchored_low_indels,starcode,starcode,0,476,1214,507,0.9185070884366863,113.0,363.0,10738.0,1000000.0,1000000,40.84082317352295,40.84082317352295,,93a05a3229dfa443c034fd2777ef066933bb9daa1f6159a98a27bae64bad61ca
43,anchored_substitutions,baseline_sequence,hamming,0,86,97,78,0.9908550297336464,35.0,51.0,10011.0,1000000.0,1000000,3.707,8.953738915995928,barbac-2026-09-01-hamming-refinement-v11,60a5459af5cf615dad370cd47e21bfeebcc45600bc743b1b726edcf3ca27c418
43,anchored_substitutions,baseline_sequence,lv,0,85,97,78,0.9909054567259644,35.0,50.0,10012.0,1000000.0,1000000,12.663,17.924912249989575,barbac-2026-09-01-hamming-refinement-v11,674e9b7052cbda133ac6dd03b722b228975f7db0daa91f6c22940aa91f1dfb0f
43,anchored_substitutions,candidate_sequence,hamming,0,86,97,78,0.9908550297336464,35.0,51.0,10011.0,1000000.0,1000000,0.584,5.844776124984492,barbac-2026-09-08-exact-partitions-v12,60a5459af5cf615dad370cd47e21bfeebcc45600bc743b1b726edcf3ca27c418
43,anchored_substitutions,candidate_sequence,lv,0,85,97,78,0.9909054567259644,35.0,50.0,10012.0,1000000.0,1000000,1.097,6.364707250002539,barbac-2026-09-08-exact-partitions-v12,674e9b7052cbda133ac6dd03b722b228975f7db0daa91f6c22940aa91f1dfb0f
43,anchored_substitutions,candidate_support,hamming,0,78,89,70,0.9916545899755136,35.0,43.0,10011.0,1000000.0,1000000,0.777,6.0330386249988806,barbac-2026-09-08-exact-partitions-v12,c8318004c32161de47fac38c471e5cfc4cafd65230ae693747205156b3145abb
43,anchored_substitutions,candidate_support,lv,0,78,90,71,0.9916050369778132,35.0,43.0,10012.0,1000000.0,1000000,1.782,7.054802083002869,barbac-2026-09-08-exact-partitions-v12,b70ff15626db8add7a48427b824dc9c41a8d43f1b9273079b98346fccf94bd8f
43,anchored_substitutions,shepherd,shepherd,0,86,97,78,0.9908550297336465,35.0,51.0,10011.0,1000000.0,1000000,185.07908606529236,185.07908606529236,,b248ad532c827b36ee6d9ac49b5e039f70094064252e3e004bd4f6210c5344c2
43,anchored_substitutions,starcode,starcode,0,317,272,253,0.9704835880731646,35.0,282.0,9955.0,1000000.0,1000000,6.74995493888855,6.74995493888855,,083e3273d70d27a1300ad657b43be95073a1cad3bcd6f37fc2b046747111e6b9
43,random_low_indels,baseline_sequence,hamming,0,114,56098,55916,0.2602126763529164,79.0,35.0,65984.0,1000000.0,1000000,1.809,11.775591457990233,barbac-2026-09-01-hamming-refinement-v11,158dbd327dba3ac96a3d4d5876e791399b6c0dc58514482639c721b2e262eeda
43,random_low_indels,baseline_sequence,lv,0,172,373,176,0.9730211375674472,79.0,93.0,10201.0,1000000.0,1000000,2.847,8.337464375013951,barbac-2026-09-01-hamming-refinement-v11,f87c94635afd9b484db894d72782359aa48fb69ace602eb924bab17e03f01d25
43,random_low_indels,candidate_sequence,hamming,0,114,56098,55916,0.2602126763529164,79.0,35.0,65984.0,1000000.0,1000000,1.54,6.850519541010726,barbac-2026-09-08-exact-partitions-v12,d4a638b0ccdc5b339e17fa54093f70c1bf7be8de6c1e33d19bc28b9c441c4b35
43,random_low_indels,candidate_sequence,lv,0,172,373,176,0.9730211375674472,79.0,93.0,10201.0,1000000.0,1000000,2.026,7.418905750004342,barbac-2026-09-08-exact-partitions-v12,d97800d78c7d8e7b1afce04faf8cc0c29ba76b5cf312757a9a723c99cf6d3f8a
43,random_low_indels,candidate_support,hamming,0,110,55333,55149,0.2629514909003895,79.0,31.0,65223.0,1000000.0,1000000,1.878,7.311554875021102,barbac-2026-09-08-exact-partitions-v12,e1e9c7f79da3d6fbda7952769a4f91a09b9a5e38e0509cb23e372ac80806caa5
43,random_low_indels,candidate_support,lv,0,142,343,146,0.9759912875600216,79.0,63.0,10201.0,1000000.0,1000000,3.966,9.253907042002538,barbac-2026-09-08-exact-partitions-v12,19bf646a720410625563d8d3a21a6b1044281efac8c595a3a5c6fed27be2acf2
43,random_low_indels,shepherd,shepherd,0,114,5030,4990,0.7935463156204848,79.0,35.0,14916.0,1000000.0,975638,6.046187877655029,6.046187877655029,,12e78fb602a10dee1d07011befddc599e5c1aecb22ebc3e0f661e16d476b4a36
43,random_low_indels,starcode,starcode,0,178,376,179,0.9725715417368056,79.0,99.0,10198.0,1000000.0,1000000,33.00709795951843,33.00709795951843,,f6de615a8fdfd953fa6abbc1b073b8ea069980cafbf666fe1822078b3fd142a0
43,random_substitutions,baseline_sequence,hamming,0,51,55,50,0.9947010597880424,29.0,22.0,10004.0,1000000.0,1000000,0.37,5.692328625009395,barbac-2026-09-01-hamming-refinement-v11,a34aec79bd27a2dcabf2014147ed775f1fada777d162c832313eda886ef9666a
43,random_substitutions,baseline_sequence,lv,0,51,55,50,0.9947010597880424,29.0,22.0,10004.0,1000000.0,1000000,1.005,6.280589250003686,barbac-2026-09-01-hamming-refinement-v11,c0f614361b408f83fb6c6c7d2a36afccd7118a526cb37613b31e8e728956cd2b
43,random_substitutions,candidate_sequence,hamming,0,51,55,50,0.9947010597880424,29.0,22.0,10004.0,1000000.0,1000000,0.356,5.77289049999672,barbac-2026-09-08-exact-partitions-v12,a34aec79bd27a2dcabf2014147ed775f1fada777d162c832313eda886ef9666a
43,random_substitutions,candidate_sequence,lv,0,51,55,50,0.9947010597880424,29.0,22.0,10004.0,1000000.0,1000000,0.597,5.864768750005169,barbac-2026-09-08-exact-partitions-v12,c0f614361b408f83fb6c6c7d2a36afccd7118a526cb37613b31e8e728956cd2b
43,random_substitutions,candidate_support,hamming,0,49,53,48,0.9949010197960408,29.0,20.0,10004.0,1000000.0,1000000,0.489,5.759998082998209,barbac-2026-09-08-exact-partitions-v12,ddaa3226beb8889b0eb3e6295d416e6c3bf5385ce6613569481cc907a66a29e7
43,random_substitutions,candidate_support,lv,0,49,53,48,0.9949010197960408,29.0,20.0,10004.0,1000000.0,1000000,0.958,6.210376750008436,barbac-2026-09-08-exact-partitions-v12,a1c14d004774ce67bffede6c7583dedc7f677f19179f8e6429216b4f8371d65b
43,random_substitutions,shepherd,shepherd,0,51,55,50,0.9947010597880424,29.0,22.0,10004.0,1000000.0,1000000,5.56546688079834,5.56546688079834,,bb461fbe2873994a02ba4ed6ea0421a669f23b72388bd1932380d625e68d0f09
43,random_substitutions,starcode,starcode,0,55,59,54,0.9943011397720456,29.0,26.0,10004.0,1000000.0,1000000,6.99833607673645,6.99833607673645,,b10bfe30ad0c7fc1afc1905e92e593190b47b3019ee0b172dd04de502f765b63
44,anchored_low_indels,baseline_sequence,hamming,0,163,82690,82050,0.191890916539058,108.0,55.0,92527.0,1000000.0,1000000,12.342,17.649893166992115,barbac-2026-09-01-hamming-refinement-v11,328853cebde4f186f0af265f575fdecfe03ae55f0af97b8e270066987a79aedf
44,anchored_low_indels,baseline_sequence,lv,0,253,933,262,0.9426499032882012,108.0,145.0,10680.0,1000000.0,1000000,40.49,45.77465133400983,barbac-2026-09-01-hamming-refinement-v11,10193e74e224724267271c063d8d57cd126f87c0ada33abc810ca38e09034f1e
44,anchored_low_indels,candidate_sequence,hamming,0,163,82690,82050,0.191890916539058,108.0,55.0,92527.0,1000000.0,1000000,2.342,7.6061539170041215,barbac-2026-09-08-exact-partitions-v12,77e3896c08a05195505a126928153c5c49a37645caabe38bb129c7faa7ca4812
44,anchored_low_indels,candidate_sequence,lv,0,253,933,262,0.9426499032882012,108.0,145.0,10680.0,1000000.0,1000000,5.408,10.62219904200174,barbac-2026-09-08-exact-partitions-v12,4364867c9733fb52ce385565d569f72579f30ccca2693032b51054deea604c6d
44,anchored_low_indels,candidate_support,hamming,0,156,81573,80936,0.1941291893863947,108.0,48.0,91417.0,1000000.0,1000000,2.929,8.177871374995448,barbac-2026-09-08-exact-partitions-v12,a4000d5dc77603c1379243da387440a44e432361ec16a79bb5620b9f18c7113e
44,anchored_low_indels,candidate_support,lv,0,187,855,184,0.9495838978130444,108.0,79.0,10668.0,1000000.0,1000000,9.399,14.610452208988136,barbac-2026-09-08-exact-partitions-v12,651de46b9407b9632e4db2626994e434af5bd23e33fbc7145b4bbdebc1d171e6
44,anchored_low_indels,shepherd,shepherd,0,163,10368,10230,0.6513491143850356,108.0,55.0,20205.0,1000000.0,955134,162.7222080230713,162.7222080230713,,b0fde9f9b5edaf4d96c54a9d5a8cc5e92a44f27c3b2ec0aa6d645a23887515b2
44,anchored_low_indels,starcode,starcode,0,476,1173,504,0.920326617384162,108.0,368.0,10697.0,1000000.0,1000000,40.16692733764648,40.16692733764648,,3b1e1c4b5fbd206f05e16e121a46fa2fdd8f47a34cb421303cbd4b81aadf74a4
44,anchored_substitutions,baseline_sequence,hamming,0,78,85,72,0.9918528515019744,39.0,39.0,10007.0,1000000.0,1000000,3.716,8.97290079202503,barbac-2026-09-01-hamming-refinement-v11,b0f1c875b68f5bee5f62e922fafc1d6d79d56c270832fafbf25c9925fd03bf6d
44,anchored_substitutions,baseline_sequence,lv,0,79,85,72,0.9918024592622212,39.0,40.0,10006.0,1000000.0,1000000,12.759,17.978094541991595,barbac-2026-09-01-hamming-refinement-v11,87ed34acdf299b5f85aaeead041196c1a08eefa14b0a86ef4f7019133609d422
44,anchored_substitutions,candidate_sequence,hamming,0,78,85,72,0.9918528515019744,39.0,39.0,10007.0,1000000.0,1000000,0.592,5.817529332998674,barbac-2026-09-08-exact-partitions-v12,b0f1c875b68f5bee5f62e922fafc1d6d79d56c270832fafbf25c9925fd03bf6d
44,anchored_substitutions,candidate_sequence,lv,0,79,85,72,0.9918024592622212,39.0,40.0,10006.0,1000000.0,1000000,1.14,6.355060166009935,barbac-2026-09-08-exact-partitions-v12,a68bd67f4b205b0b642d016fd403e9c6d673179658452b99cc409c86d534bdd7
44,anchored_substitutions,candidate_support,hamming,0,71,78,65,0.9925526065876944,39.0,32.0,10007.0,1000000.0,1000000,0.765,6.624766249995446,barbac-2026-09-08-exact-partitions-v12,88c1c0b298335346830d36586623505aed0d4eab4cc7a9a08ccc5a3f4060cb57
44,anchored_substitutions,candidate_support,lv,0,72,78,65,0.9925022493252024,39.0,33.0,10006.0,1000000.0,1000000,1.836,7.089109333988745,barbac-2026-09-08-exact-partitions-v12,802658fd19e513af7316f7d9d59da5f8c14693d9f9c9ac74dc16d11e6eb53630
44,anchored_substitutions,shepherd,shepherd,0,78,85,72,0.9918528515019743,39.0,39.0,10007.0,1000000.0,1000000,187.66800713539124,187.66800713539124,,75be2d3c908a49c4356112dc67db29c8febf3fed94b9a37fe7910ca6015f2b26
44,anchored_substitutions,starcode,starcode,0,324,274,261,0.9700250626566416,39.0,285.0,9950.0,1000000.0,1000000,6.780339002609253,6.780339002609253,,2a860770d1b58fee76b2d24766dcb818b7ac50e4c9afc8a81c01c41d3f1f66f6
44,random_low_indels,baseline_sequence,hamming,0,95,56074,55903,0.260729938535648,68.0,27.0,65979.0,1000000.0,1000000,1.584,6.82411966699874,barbac-2026-09-01-hamming-refinement-v11,e9dfa0158cfa5c544feda53ef727baab191042e7ecfb182d1ca5c95de50e8ecc
44,random_low_indels,baseline_sequence,lv,0,160,347,164,0.974884826868777,68.0,92.0,10187.0,1000000.0,1000000,2.648,7.863685499993153,barbac-2026-09-01-hamming-refinement-v11,59d6494ad5ce4d2793f4a8ce00e1d61f8626327e24ab6b723cb2a19c7201f016
44,random_low_indels,candidate_sequence,hamming,0,95,56074,55903,0.260729938535648,68.0,27.0,65979.0,1000000.0,1000000,1.525,6.7655645410122816,barbac-2026-09-08-exact-partitions-v12,9bac97f5ef5f143823c9c8ab2927e03379bb424704017f22c046e87da5a59e85
44,random_low_indels,candidate_sequence,lv,0,160,347,164,0.974884826868777,68.0,92.0,10187.0,1000000.0,1000000,2.191,7.432923917018343,barbac-2026-09-08-exact-partitions-v12,ddff96eb9555efaf08362cade4e7eca79dd648a328795090101951c7cbb85e5c
44,random_low_indels,candidate_support,hamming,0,92,55316,55144,0.2634265659895778,68.0,24.0,65224.0,1000000.0,1000000,1.833,7.081885833002161,barbac-2026-09-08-exact-partitions-v12,e401f0e6f2e17d4693cd1361a05cb300a73bd79993e193b89b1258962dafa188
44,random_low_indels,candidate_support,lv,0,128,314,131,0.9781036361834936,68.0,60.0,10186.0,1000000.0,1000000,4.206,9.42339645899483,barbac-2026-09-08-exact-partitions-v12,cc28567050a4a7c6a5c55d235c6b47c53e7ca4cd0e4ff61ab073f736910c7c98
44,random_low_indels,shepherd,shepherd,0,95,4906,4871,0.7984361775019144,68.0,27.0,14811.0,1000000.0,975755,5.429264783859253,5.429264783859253,,18583db8ab3303c9a338aeada49194786bd93f6717940e018de1cccd249b9448
44,random_low_indels,starcode,starcode,0,154,337,154,0.9756725957488976,68.0,86.0,10183.0,1000000.0,1000000,28.63201379776001,28.63201379776001,,1aa68e4f974cdd2621e35f321c3c111f8ddcba8c8f3323f0334db81b8f5319aa
44,random_substitutions,baseline_sequence,hamming,0,40,41,40,0.9959502024898756,22.0,18.0,10001.0,1000000.0,1000000,0.362,5.5592819589946885,barbac-2026-09-01-hamming-refinement-v11,66987094e86adf7de71bcb7bf3db3b394f7802e16773654b47ab834ddb2282be
44,random_substitutions,baseline_sequence,lv,0,40,41,40,0.9959502024898756,22.0,18.0,10001.0,1000000.0,1000000,1.432,6.6571927499899175,barbac-2026-09-01-hamming-refinement-v11,2d82a3f0147ad4edf24cc8031db96b7c95c753c7789266295c72bf86c063ea0d
44,random_substitutions,candidate_sequence,hamming,0,40,41,40,0.9959502024898756,22.0,18.0,10001.0,1000000.0,1000000,0.355,5.5694443749962375,barbac-2026-09-08-exact-partitions-v12,66987094e86adf7de71bcb7bf3db3b394f7802e16773654b47ab834ddb2282be
44,random_substitutions,candidate_sequence,lv,0,40,41,40,0.9959502024898756,22.0,18.0,10001.0,1000000.0,1000000,0.636,5.855757208017167,barbac-2026-09-08-exact-partitions-v12,2d82a3f0147ad4edf24cc8031db96b7c95c753c7789266295c72bf86c063ea0d
44,random_substitutions,candidate_support,hamming,0,36,37,36,0.9963501824908756,22.0,14.0,10001.0,1000000.0,1000000,0.488,5.708426375000272,barbac-2026-09-08-exact-partitions-v12,e696c2f741940aca7b24bcc8a87a8240f4695a066fcaf14d3ac3a5f9023a07ef
44,random_substitutions,candidate_support,lv,0,36,37,36,0.9963501824908756,22.0,14.0,10001.0,1000000.0,1000000,0.979,7.216056709003169,barbac-2026-09-08-exact-partitions-v12,8e9367352617b176f9ab7b7ab0c788f07f608cae3619d1a8df61afdf1574b585
44,random_substitutions,shepherd,shepherd,0,40,41,40,0.9959502024898755,22.0,18.0,10001.0,1000000.0,1000000,4.409337043762207,4.409337043762207,,cf12bb48f9a77fd79667e7ba46e02d727676f31471bc8f92899096fa4f4ace79
44,random_substitutions,starcode,starcode,0,51,51,50,0.9949,22.0,29.0,10000.0,1000000.0,1000000,4.641199827194214,4.641199827194214,,772f0360081f4831fb45de1003b441a37ab62424efa2b40b9bbdc2c5c57d9d3f
