BC,Count,true_BC,previous_parent,new_parent
CGCCCCCCCCCTTCACGGA,68,CGCCCCCCCCCCTTCACGGA,CGCCCCCCCCCTTCACGGA,CGCCCCCCCCCCTTCACGGA
AGTCTATCCCCCCCCCTTA,24,AGTCTATCCCCCCCCCCTTA,AGTCTATCCCCCCCCCTTA,AGTCTATCCCCCCCCCCTTA
CGCCCCCCCCCTCACGGA,2,CGCCCCCCCCCCTTCACGGA,CGCCCCCCCCCTTCACGGA,CGCCCCCCCCCCTTCACGGA
CGCCCCCCCCCTTCACGAA,1,CGCCCCCCCCCCTTCACGGA,CGCCCCCCCCCTTCACGGA,CGCCCCCCCCCCTTCACGGA
GGCCCCCCCCCTTCACGGA,1,CGCCCCCCCCCCTTCACGGA,CGCCCCCCCCCTTCACGGA,CGCCCCCCCCCCTTCACGGA
CGCCCCCCCCCTACACGGA,1,CGCCCCCCCCCCTTCACGGA,CGCCCCCCCCCTTCACGGA,CGCCCCCCCCCCTTCACGGA
CGCCCTCCCCCTTCACGGA,1,CGCCCCCCCCCCTTCACGGA,CGCCCCCCCCCTTCACGGA,CGCCCCCCCCCCTTCACGGA
CGCCCCCCCCCTTCTCGGA,1,CGCCCCCCCCCCTTCACGGA,CGCCCCCCCCCTTCACGGA,CGCCCCCCCCCCTTCACGGA
CGACCCCCCCCTTCACGGA,1,CGCCCCCCCCCCTTCACGGA,CGCCCCCCCCCTTCACGGA,CGCCCCCCCCCCTTCACGGA
