population,barcode,published_mean,published_final,published_color,barbac_final,barbac_mean_including_baseline,barbac_mean_sampled_only,barbac_final_extracted
Low CMP r1,TGGTGAGAGGTTGTG,0.0560730631485,0.472084779412,#7e1e9c,0.38180843142794973,0.04789208775439288,0.05187936371082202,0.4802891903805953
Low CMP r1,CATTGACTATAGAAA,0.0409799009868,0.0191532224315,#653700,0.01542268862970187,0.03705299128414778,0.04013749671529615,0.019400699475777158
Low CMP r1,TTTTCAGGCATTAAA,0.0313097517802,0.0508730649326,#ffff14,0.04082574083484963,0.02790920288442727,0.03022906962316058,0.051356021497283653
Low CMP r1,GACTATCCTTTACGT,0.0306362132187,0.200138239212,#06c2ac,0.16193859691751358,0.0270738678226405,0.02932912969903225,0.20370780528339213
Low CMP r1,TCAGACAGTCCGTGC,0.0180604703629,0.0240089432431,#c79fef,0.01966890365453372,0.01663493099352115,0.01801725013101742,0.024742150864975363
Low CMP r1,ATTTTAAATCGTAAC,0.0134204162135,0.0134221692234,#ad8150,0.01081773827754783,0.01215024131755625,0.01316127388492046,0.013607983301052591
Low CMP r1,AATTGGTGCATAAGA,0.0112248630193,0.00279187206999,#6e750e,0.00223690646580744,0.00999226414435815,0.01082289651439846,0.0028138770833365284
Low CMP r1,AGTACTCCCTGGATT,0.00821188675688,0.00274743586349,#ffb07c,0.00221859118360923,0.00778860135058881,0.00843763271260302,0.002790837696737151
Low CMP r1,TGTAAGGGGAAAGAT,0.00814681613708,0.00109507856839,#c7fdb5,8.854828433425536e-4,0.0073557214531233,0.00796734195219544,0.0011138775441242653
Low CMP r1,GGTTCCAGCGAGTGA,0.00775551360851,0.00307035925456,#d0fefe,0.00246719061397954,0.00700395967797926,0.00758507291173671,0.003103558970845958
Low CMP r1,GGCAGAAAGCTAATT,0.00684850879411,0.00276539296064,#137e6d,0.00221492812716959,0.00615471120945466,0.00666632877387214,0.0027862298194172783
Low CMP r1,AACGTATATACGTTG,0.00654275134547,0.00205350058391,#15b01a,0.00163445578336781,0.00595020257846779,0.00644289020312722,0.002056034860127873
Low CMP r1,CAGAGGAAAGGTGTA,0.00639625534757,0.00456505932386,#fdaa48,0.00365060204774623,0.00575650196354969,0.0062352791839475,0.004592210536986662
Low CMP r1,ATTGATATCCTCTGG,0.00639759897157,0.0124293548015,#b790d4,0.00994690765996384,0.00572926610244702,0.0062052424025986,0.012512537266207822
Low CMP r1,TCATTCGTGTAGGTA,0.00623283488668,0.0017756221145,#580f41,0.00142663838135885,0.00560540164425181,0.00607119341014276,0.0017946146201803495
Low CMP r1,GGGTTAGGTTTAAGT,0.00562838013982,0.0411339267697,#703be7,0.0333269758953792,0.00493260310112525,0.00532948420537723,0.04192308223985845
Low CMP r1,AATGGGTATACAGTG,0.00541059225852,0.0120154284944,#acbf69,0.00960428978097608,0.00476151345476465,0.00515714370950044,0.012081547140888911
Low CMP r1,ATACAACGTGGTAGC,0.0042548430443,0.00134952150423,#4b5d16,0.00107449655562802,0.00379224312408916,0.00410750086267899,0.0013516440138297637
Low CMP r1,GGCCTACTAATATAA,0.00316140458835,0.00113160147784,#0a888a,9.04286533066044e-4,0.0028317564213945,0.00306572981594747,0.0011375313143662863
Low CMP r1,TTGGGATACCCTGCC,0.00322889273002,7.9193841994e-4,#be03fd,6.349297828711085e-4,0.00269384791315136,0.00274011140541245,7.986987354448676e-4
Low CMP r2,TGGTGAGAGGTTGTG,0.0684909401861,0.397054738544,#7e1e9c,0.3085483026706772,0.05964488642524457,0.06461156227091135,0.40408564478762904
Low CMP r2,CATTGACTATAGAAA,0.0509214146158,0.0240535043608,#653700,0.01862200893513798,0.04736218617558593,0.05130579118102083,0.02438803397284527
Low CMP r2,TTTTCAGGCATTAAA,0.0326279609816,0.0601348911061,#ffff14,0.04749134557488192,0.03045160850979881,0.03298333613380146,0.062196326579507855
Low CMP r2,TCAGACAGTCCGTGC,0.013692484785,0.00518160871734,#c79fef,0.0040772647384913,0.01297654822175009,0.01405400212826545,0.0053397284527655145
Low CMP r2,AATTGGTGCATAAGA,0.0131950017609,0.00282777046913,#6e750e,0.00217147922405033,0.01217387990274011,0.0131863198361572,0.0028438451120888554
Low CMP r2,ATTTTAAATCGTAAC,0.0117385738909,0.00462881337117,#ad8150,0.00362281415568023,0.01104555404037003,0.01196452933463538,0.004744564080802249
Low CMP r2,TGTAAGGGGAAAGAT,0.00857694835291,0.00148785080905,#c7fdb5,0.0011540525461151,0.00802516402089824,0.00869257140061829,0.001511387562917368
Low CMP r2,GGTTCCAGCGAGTGA,0.00694826404184,0.00314673916046,#d0fefe,0.00243872329812132,0.00646322300292105,0.00699927484709031,0.00319383729500457
Low CMP r2,TCATTCGTGTAGGTA,0.00559528989782,0.0016920410028,#580f41,0.00130094957885318,0.00517179623860587,0.005601454220693,0.001703769052873941
Low CMP r2,GGCAGAAAGCTAATT,0.00558628218706,0.00137759312756,#137e6d,0.00106277483843748,0.00518420043226222,0.00561494209858032,0.0013918470856488375
Low CMP r2,CAGAGGAAAGGTGTA,0.00544322253489,0.00156118849241,#fdaa48,0.00119978829773276,0.00502997492948459,0.00544820823037697,0.0015712847022706007
Low CMP r2,ATACAACGTGGTAGC,0.00495772172752,0.00861893589031,#4b5d16,0.0066324591667915,0.0045063319639308,0.00488109710584077,0.00868610041197049
Low CMP r2,ATGCAGAAATCTACT,0.00517138364414,0.0443675403395,#ff474c,0.03417255207625778,0.00428834432680225,0.0046383311436579,0.04475356895582028
Low CMP r2,TAAGGTGAAAGCTAT,0.00484109423719,0.02179535672,#047495,0.01676118399008386,0.00425898897010313,0.00461357345816255,0.021951032565770093
Low CMP r2,GCTACTGACCCTGCA,0.00480472743658,0.021134312944,#789b73,0.01628580348704099,0.00425611430750002,0.00460487158095453,0.021328457638509598
Low CMP r2,GGTCCAAGAGGATTA,0.00412531410571,0.00847452093163,#020035,0.00650532928093902,0.00374886020430971,0.00406087771028177,0.008519606668683536
Low CMP r2,GACTATCCTTTACGT,0.00384596888302,0.00147428836076,#06c2ac,0.00113777371926814,0.00357089420656488,0.00386757494828368,0.001490068242130629
Low CMP r2,AACGTATATACGTTG,0.00362034725162,0.00118219340955,#15b01a,9.092887567375448e-4,0.00336600744324896,0.00364334547330682,0.0011908363468024063
Low CMP r2,ATTGATATCCTCTGG,0.00344421637298,9.99602670496e-4,#b790d4,7.682055907305259e-4,0.00318911228495734,0.00345340910031812,0.0010060688999839597
Low CMP r2,AATGGGTATACAGTG,0.00333493015951,3.92808687602e-4,#acbf69,3.015458877842327e-4,0.00307271234273467,0.00332761542164626,3.949150374306361e-4
Low CMP r3,TGGTGAGAGGTTGTG,0.0694986001418,0.341906266379,#7e1e9c,0.30718166745422776,0.06260747734239341,0.06782104201466754,0.3504550362201818
Low CMP r3,CATTGACTATAGAAA,0.0601967174911,0.0669850454655,#653700,0.06055878389997559,0.05445871983595932,0.05899370889660361,0.06908983527891847
Low CMP r3,TTTTCAGGCATTAAA,0.0306168300205,0.0738493679836,#ffff14,0.06565185873855522,0.02727543747917532,0.02954248418395934,0.07490038296497947
Low CMP r3,CGCTTCGCTGTCTCC,0.0149926001825,0.145840052614,#00035b,0.12816404220896083,0.01325702798059111,0.01435725518322773,0.14621879758224515
Low CMP r3,TCAGACAGTCCGTGC,0.0147387502328,0.0188989313485,#c79fef,0.01713135467572677,0.01342922168090233,0.01454439837568037,0.019544686937664372
Low CMP r3,TGTAAGGGGAAAGAT,0.0126172976187,0.037560953746,#c7fdb5,0.03386232310409832,0.01138792224800201,0.01233555947998071,0.03863258432150602
Low CMP r3,ATTTTAAATCGTAAC,0.0114538837373,0.0193839086684,#ad8150,0.01718732786424592,0.01016926390594496,0.01101521502234156,0.019608545194481602
Low CMP r3,AATTGGTGCATAAGA,0.0109968146677,0.00373913671842,#6e750e,0.00329805027265899,0.00966181138691125,0.01046489977698603,0.003762653993448069
Low CMP r3,GCGGTAGATGTCGGT,0.00988308579269,0.0451782625518,#4b006e,0.04014135009595519,0.00885146808212927,0.00958846540447808,0.04579615189406173
Low CMP r3,GGATATCTTATGACA,0.00827860032174,0.0582245366326,#7af9ab,0.05168768060857415,0.00739119864341188,0.00800683810531675,0.058969039819129786
Low CMP r3,TCATTCGTGTAGGTA,0.00580353008296,0.002560446084,#580f41,0.00226319337393923,0.00511434446616827,0.00553921480055226,0.0025820144880727065
Low CMP r3,GGTTCCAGCGAGTGA,0.00556105731106,0.00311695344236,#d0fefe,0.00275805459844818,0.00492559371095352,0.00533350978079215,0.003146587920454017
Low CMP r3,CTGGTCCGTGCAGGC,0.00541399383848,0.00717751798084,#929591,0.00631574928605874,0.00476251036476944,0.00478109418771977,0.007205463018502278
Low CMP r3,GGCAGAAAGCTAATT,0.00534136216258,0.00330684648574,#137e6d,0.0029149736529672,0.00470145569191909,0.00509196862987527,0.003325612513265351
Low CMP r3,CAGAGGAAAGGTGTA,0.00507945363758,0.00438565118404,#fdaa48,0.00386231178004284,0.00447743064675402,0.00484961859075219,0.004406404281825312
Low CMP r3,GACTATCCTTTACGT,0.00428731774904,0.00264752613087,#06c2ac,0.00234941796781412,0.00379992623405527,0.00411569297806493,0.002680385733401003
Low CMP r3,ATACAACGTGGTAGC,0.00317916150672,0.00134644778353,#4b5d16,0.00118870228103684,0.00280807493121465,0.00304131865373161,0.0013561574309048012
Low CMP r3,ATTGATATCCTCTGG,0.00315351417601,9.17267552529e-4,#b790d4,8.108023724219777e-4,0.00277875892947914,0.0030088596318834,9.250219166705118e-4
Low CMP r3,GTATCCTTCGAAGGA,0.00313544982779,0.00149883786555,#632de9,0.00132669398568089,0.00277264928577682,0.00298468410039957,0.0015135883357172478
Low CMP r3,TTGGGATACCCTGCC,0.00297176386016,0.00110514824189,#be03fd,0.00101657663772939,0.00277085063155701,0.00282359976897972,0.00115978406312001
No drug r1,AACGTATATACGTTG,0.0238948131258,0.0865824079212,#15b01a,0.08197397949143413,0.02329508498982847,0.02508409529038799,0.09005773579169947
No drug r1,CGTAGTAGGAGTAAG,0.0208986936046,0.0856481210133,#e50000,0.0797411622752516,0.02009080509201865,0.0216325938409122,0.0876047322389424
No drug r1,AGGAATCCTTATTGC,0.0148645258431,0.0614993234775,#c20078,0.05642788972788594,0.01411464755383189,0.01519568761615431,0.061992451945414265
No drug r1,CCAGCTCGCGACCGT,0.00556079200493,0.0226239096141,#35063e,0.02548534383121592,0.00609103971090212,0.00654654816304952,0.02799854753363649
No drug r1,AGGATTATTGCGGCT,0.00446092995472,0.0167757624128,#ff028d,0.01524330247224396,0.00421932745569045,0.00453896404250677,0.016746500720777553
No drug r1,CGGAACGGTAGACCT,0.00435390651463,0.0201400432725,#53fca1,0.01994014100447441,0.00437619454932234,0.00471281912987488,0.021906511814737965
No drug r1,GCACCAGTAATATTA,0.00423460555185,0.0170967520685,#04d8b2,0.01606556680343355,0.00411115871530038,0.00442456892028786,0.017649851568798156
No drug r1,GGGTGCAGTGCTACT,0.00411085036011,0.0125545115009,#ff796c,0.01135694864173943,0.00384010703968392,0.00405817845252718,0.012476899212689135
No drug r1,CTCGGTTTTTGCAAT,0.00378246303025,0.0154149857525,#96f97b,0.01432541526658456,0.00363552397444416,0.00391497773594907,0.015738097274138812
No drug r1,TACGCGGAGCTACAG,0.00347257417915,0.020852605391,#aaff32,0.01932390470233569,0.0032237073377744,0.00336221631809095,0.021229506179198922
No drug r1,TATAAGGCTTATCAG,0.00332421358636,0.0158045629415,#001146,0.01449125397158291,0.00315430374138546,0.00339609438960764,0.01592028994517218
No drug r1,ACCGTTGTGGAATTA,0.00330479356348,0.0116962944026,#0485d1,0.01082386266522662,0.00317120520889907,0.00341255361261387,0.011891243662904982
No drug r1,GTGTGGGCCAACCCT,0.00324207083583,0.0125397963574,#0b4008,0.01223811112024738,0.00322814255173979,0.0034764150544032,0.013444956371452791
No drug r1,GGTTCCGTTGGGGAT,0.00306925909332,0.011812020277,#658b38,0.01103728183433313,0.0029563769547177,0.00318374441145633,0.012125708883009205
No drug r1,TAGCATCTGTTGGAG,0.00284260526226,0.0102053261337,#40a368,0.00927380201168354,0.00268625043156445,0.00288510793522635,0.010188325814290853
No drug r1,GCGTTGGTTCAGCCC,0.00288760081411,0.0345965494236,#5e819d,0.03204590452310055,0.00269360373558465,0.00290042901224014,0.03520606929969756
No drug r1,TAAGGCCCATCACTG,0.00277461033107,0.011377798839,#5729ce,0.01053676306869048,0.00265278914042865,0.00285684984353854,0.011575832116812394
No drug r1,GGAAGCGATATGGGT,0.00268992614376,0.0114239395432,#1e488f,0.01058965591471363,0.00257585837913713,0.00277376478616945,0.011633940921362034
No drug r1,ATGGGGCCGAGCCAA,0.00264267669148,0.0134638574876,#6c3461,0.01290377567150817,0.00258660250666123,0.00278555462206453,0.014176264557968351
No drug r1,AAAAGTTAAGGATGT,0.00243262688873,0.0215225185342,#06b48b,0.01978561998268625,0.00228174159978463,0.00245694863703503,0.021736752905376786
No drug r2,AACGTATATACGTTG,0.0598451713702,0.317905774235,#15b01a,0.2598071292128519,0.05385951682824636,0.05799963727022265,0.32191476510754174
No drug r2,AGGAATCCTTATTGC,0.0123176965961,0.0526404886757,#c20078,0.04297345768365578,0.01113148840760383,0.01198306045884251,0.05324638541677331
No drug r2,CGTAGTAGGAGTAAG,0.0117802464264,0.0378545900688,#e50000,0.03083145507943747,0.01075067373990984,0.01157400238512416,0.03820180242894533
No drug r2,TCAATTGCCACCAA,0.00747015882897,0.0795716451614,#01ff07,0.0670867125379231,0.00654218816145482,0.00703635237637655,0.08312398267866467
No drug r2,GGGTGCAGTGCTACT,0.00668164452821,0.0126308113947,#ff796c,0.01024502125015698,0.00539629102619099,0.00573404582195342,0.012694122825875537
No drug r2,TACGCGGAGCTACAG,0.00681701863625,0.030855118197,#aaff32,0.02519283773869247,0.00516703901797179,0.00545501197302986,0.031215257516661037
No drug r2,ATATCAACATCTGAA,0.00470745532999,0.0141533612501,#01153e,0.01154134692285829,0.00431901767465934,0.00464035718507504,0.01430033885118188
No drug r2,TTGGGATACCCTGCC,0.00618100235137,2.87885591833e-4,#be03fd,2.398767072281379e-4,0.00420732853042678,0.0043664548784582,2.972199188531611e-4
No drug r2,GAATGGGGATTTGAG,0.00601921845761,3.2235076832e-4,#0165fc,2.608073958037274e-4,0.00403260636458165,0.00418230804516709,3.2315414828236916e-4
No drug r2,GGTGCGGAGAATATT,0.0043025294935,0.0409459812422,#c1f80a,0.0333045811769216,0.00356251974434107,0.00382330742357619,0.04126613637992281
No drug r2,CCCGACTAGCTTGGT,0.00481208561367,0.0129318748482,#80f9ad,0.01072229603043983,0.0035102833478757,0.00368382354557471,0.013285491504833663
No drug r2,ATGCCACGACACCGT,0.00468486619831,2.12535255003e-4,#fac205,1.77910852892511e-4,0.0032661662288833602,0.00339103694939694,2.204409501482687e-4
No drug r2,TCAGGGGTATTCCAG,0.00316930699631,0.0129933715356,#607c8e,0.0106457337748607,0.00289434917417881,0.00311684141406754,0.013190626823500504
No drug r2,GGTGCCGTAGACTAG,0.00267916732248,0.0110427101252,#98eff9,0.00902112677607908,0.00244170563313044,0.00262895797323246,0.011177652883988677
No drug r2,TTTGTTAGACACAGA,0.00230622943006,0.00675990510588,#960056,0.00560143782814362,0.00214945390582662,0.00231288107471384,0.006940477531061354
No drug r2,ATGGGGCCGAGCCAA,0.00229623647921,0.00957658854898,#6c3461,0.00795393706252106,0.00212636046115614,0.00228990934228983,0.009855348422959974
No drug r2,CGTTTATGTTCATTT,0.002260278914,0.00850749229011,#045c5a,0.00693742164761974,0.00206138842299456,0.00221892981085417,0.008595832096338837
No drug r2,CCAGGTTAGGATTAT,0.00226160492033,0.00809526174781,#d46a7e,0.00663640529744711,0.0020594705288232,0.00220518136079594,0.008222856928363508
No drug r2,GAAAAGCGCGCTACT,0.00218058019185,0.00716605355821,#a2a415,0.00584461938093632,0.00199874800630296,0.00214879390113258,0.007241792328245436
No drug r2,AGGATTATTGCGGCT,0.00216121720117,0.00780264564156,#ff028d,0.00633318571689811,0.00194387910611115,0.00208848697389363,0.007847151841500902
No drug r3,AACGTATATACGTTG,0.0350841755833,0.132206921127,#15b01a,0.10668360904994605,0.03245493934293294,0.03494832881808219,0.13408626077388247
No drug r3,CGTAGTAGGAGTAAG,0.0211842143334,0.0824303545554,#e50000,0.06812550805600207,0.02006144984062313,0.02160098049325549,0.08562416213603849
No drug r3,AGGAATCCTTATTGC,0.0115397651597,0.0646651275597,#c20078,0.05172005416265812,0.01030670803934093,0.01109483544686709,0.06500481874818059
No drug r3,GTATGTGGAAGATTA,0.0059040185132,0.0274332237538,#650021,0.02206138909303782,0.00536264565720259,0.00575675249046426,0.027728056796224892
No drug r3,GGGTGCAGTGCTACT,0.00563547669749,0.0183175972756,#ff796c,0.01459266135708715,0.00505004144302184,0.00536119050244028,0.01834091866160329
No drug r3,CTCGGTTTTTGCAAT,0.00541917434533,0.0220490720436,#96f97b,0.01770798861729689,0.00497818484906461,0.00536092021630956,0.022256445958893197
No drug r3,ATTATGGATTTCAAC,0.00419982069686,0.0184886523729,#3f9b0b,0.01482820820617488,0.00383275442218116,0.00412704513165913,0.01863696785334424
No drug r3,TGTCAAGACTGGCAT,0.00414423878908,0.0164315573085,#8fff9f,0.01326745267232303,0.00382604450542511,0.00411385928207282,0.016675318117456858
No drug r3,ACTGAGACACGGGTC,0.00421254252642,3.06172288654e-4,#033500,2.677776032986303e-4,0.00410432519888731,0.00431373564332109,3.365587072377315e-4
No drug r3,CGGAGATCGACCAGG,0.00376350868433,0.0176186750161,#fe01b1,0.01488667329520859,0.0036084640688859,0.00388493050412546,0.018710450230291872
No drug r3,AGCGTAGTGGAACAA,0.00383291965917,0.0445660369521,#6b8ba4,0.03616759092726755,0.00320913526703779,0.00345088591116371,0.045457564398353606
No drug r3,TTCGCTGTTTAAAAT,0.00297186529749,0.0121495791648,#610023,0.00970857776550177,0.00271078172231637,0.00291630907708168,0.01220231394120844
No drug r3,AGTAGTTTGTAGACG,0.00294904557693,0.0122891302537,#5b7c99,0.00993194438770749,0.00271644926563573,0.00292325491699159,0.012483054304418645
No drug r3,TGGTGCAATTTAAGG,0.00240448528671,0.00966449631275,#ffffff,0.00795218904911404,0.00225573065885802,0.00242643870631592,0.009994780867073196
No drug r3,TCGTTTTCCGTACGG,0.00247112580257,0.0291218386019,#fd3c06,0.02324043505521765,0.00203333978225338,0.00218792163641124,0.029209951398002216
No drug r3,TTGGGATACCCTGCC,0.00238846924757,2.78168725668e-4,#be03fd,2.2074318872343e-4,0.0020321804508782,0.00202398771586742,2.7744307706510944e-4
No drug r3,CCTTAGATATAGGGT,0.00212801107396,0.00819687624922,#d5b60a,0.00656383057266929,0.001951817941047,0.0020987384600656,0.008249809935005773
No drug r3,GTGTAGATGCTAGTT,0.00234193664449,0.0267195996237,#6f7632,0.02159666659046217,0.00194961428064678,0.00209404599039972,0.027143966107666753
No drug r3,GAATGGGGATTTGAG,0.00228117637886,3.05705562604e-4,#0165fc,2.422928208993205e-4,0.00191228590475285,0.00189894370545872,3.04527927542608e-4
No drug r3,CTAAGATTGATTCTA,0.00231321508778,0.0201499637471,#10a674,0.01616466017729163,0.00191906588387416,0.00201875996938024,0.020316699623826748
