population,barcode,published_mean,published_final,published_color,barbac_final,barbac_mean_including_baseline,barbac_mean_sampled_only
Low CMP r1,TGGTGAGAGGTTGTG,0.0560730631485,0.472084779412,#7e1e9c,0.38180843142794973,0.04789208775439288,0.05187936371082202
Low CMP r1,CATTGACTATAGAAA,0.0409799009868,0.0191532224315,#653700,0.01542268862970187,0.03705299128414778,0.04013749671529615
Low CMP r1,TTTTCAGGCATTAAA,0.0313097517802,0.0508730649326,#ffff14,0.04082574083484963,0.027909202884427275,0.03022906962316058
Low CMP r1,GACTATCCTTTACGT,0.0306362132187,0.200138239212,#06c2ac,0.16193859691751358,0.0270738678226405,0.029329129699032258
Low CMP r1,TCAGACAGTCCGTGC,0.0180604703629,0.0240089432431,#c79fef,0.019668903654533727,0.01663493099352115,0.018017250131017425
Low CMP r1,ATTTTAAATCGTAAC,0.0134204162135,0.0134221692234,#ad8150,0.010817738277547832,0.012150241317556253,0.01316127388492046
Low CMP r1,AATTGGTGCATAAGA,0.0112248630193,0.00279187206999,#6e750e,0.0022369064658074437,0.009992264144358155,0.010822896514398462
Low CMP r1,AGTACTCCCTGGATT,0.00821188675688,0.00274743586349,#ffb07c,0.0022185911836092387,0.007788601350588815,0.008437632712603024
Low CMP r1,TGTAAGGGGAAAGAT,0.00814681613708,0.00109507856839,#c7fdb5,8.854828433425536e-4,0.0073557214531233045,0.007967341952195445
Low CMP r1,GGTTCCAGCGAGTGA,0.00775551360851,0.00307035925456,#d0fefe,0.002467190613979542,0.007003959677979269,0.007585072911736716
Low CMP r1,GGCAGAAAGCTAATT,0.00684850879411,0.00276539296064,#137e6d,0.002214928127169598,0.006154711209454666,0.006666328773872143
Low CMP r1,AACGTATATACGTTG,0.00654275134547,0.00205350058391,#15b01a,0.001634455783367819,0.005950202578467799,0.006442890203127229
Low CMP r1,CAGAGGAAAGGTGTA,0.00639625534757,0.00456505932386,#fdaa48,0.003650602047746231,0.005756501963549692,0.006235279183947502
Low CMP r1,ATTGATATCCTCTGG,0.00639759897157,0.0124293548015,#b790d4,0.009946907659963844,0.005729266102447028,0.0062052424025986095
Low CMP r1,TCATTCGTGTAGGTA,0.00623283488668,0.0017756221145,#580f41,0.0014266383813588523,0.005605401644251813,0.00607119341014276
Low CMP r1,GGGTTAGGTTTAAGT,0.00562838013982,0.0411339267697,#703be7,0.0333269758953792,0.004932603101125251,0.005329484205377232
Low CMP r1,AATGGGTATACAGTG,0.00541059225852,0.0120154284944,#acbf69,0.009604289780976088,0.00476151345476465,0.005157143709500445
Low CMP r1,ATACAACGTGGTAGC,0.0042548430443,0.00134952150423,#4b5d16,0.0010744965556280298,0.0037922431240891676,0.004107500862678999
Low CMP r1,GGCCTACTAATATAA,0.00316140458835,0.00113160147784,#0a888a,9.042865330660441e-4,0.002831756421394509,0.003065729815947471
Low CMP r1,TTGGGATACCCTGCC,0.00322889273002,7.9193841994e-4,#be03fd,6.349297828711085e-4,0.002693847913151366,0.002740111405412453
Low CMP r2,TGGTGAGAGGTTGTG,0.0684909401861,0.397054738544,#7e1e9c,0.3085483026706772,0.05964488642524457,0.06461156227091135
Low CMP r2,CATTGACTATAGAAA,0.0509214146158,0.0240535043608,#653700,0.018622008935137983,0.047362186175585935,0.05130579118102083
Low CMP r2,TTTTCAGGCATTAAA,0.0326279609816,0.0601348911061,#ffff14,0.047491345574881924,0.030451608509798812,0.03298333613380146
Low CMP r2,TCAGACAGTCCGTGC,0.013692484785,0.00518160871734,#c79fef,0.004077264738491305,0.012976548221750095,0.014054002128265452
Low CMP r2,AATTGGTGCATAAGA,0.0131950017609,0.00282777046913,#6e750e,0.0021714792240503386,0.012173879902740116,0.013186319836157208
Low CMP r2,ATTTTAAATCGTAAC,0.0117385738909,0.00462881337117,#ad8150,0.003622814155680235,0.01104555404037003,0.011964529334635383
Low CMP r2,TGTAAGGGGAAAGAT,0.00857694835291,0.00148785080905,#c7fdb5,0.0011540525461151065,0.008025164020898246,0.008692571400618299
Low CMP r2,GGTTCCAGCGAGTGA,0.00694826404184,0.00314673916046,#d0fefe,0.0024387232981213265,0.00646322300292105,0.0069992748470903135
Low CMP r2,TCATTCGTGTAGGTA,0.00559528989782,0.0016920410028,#580f41,0.0013009495788531837,0.005171796238605879,0.005601454220693
Low CMP r2,GGCAGAAAGCTAATT,0.00558628218706,0.00137759312756,#137e6d,0.0010627748384374883,0.005184200432262221,0.0056149420985803266
Low CMP r2,CAGAGGAAAGGTGTA,0.00544322253489,0.00156118849241,#fdaa48,0.0011997882977327664,0.005029974929484593,0.005448208230376978
Low CMP r2,ATACAACGTGGTAGC,0.00495772172752,0.00861893589031,#4b5d16,0.006632459166791504,0.004506331963930805,0.004881097105840772
Low CMP r2,ATGCAGAAATCTACT,0.00517138364414,0.0443675403395,#ff474c,0.03417255207625778,0.004288344326802256,0.0046383311436579006
Low CMP r2,TAAGGTGAAAGCTAT,0.00484109423719,0.02179535672,#047495,0.016761183990083868,0.0042589889701031385,0.004613573458162558
Low CMP r2,GCTACTGACCCTGCA,0.00480472743658,0.021134312944,#789b73,0.01628580348704099,0.004256114307500026,0.004604871580954535
Low CMP r2,GGTCCAAGAGGATTA,0.00412531410571,0.00847452093163,#020035,0.0065053292809390244,0.0037488602043097147,0.004060877710281771
Low CMP r2,GACTATCCTTTACGT,0.00384596888302,0.00147428836076,#06c2ac,0.0011377737192681428,0.0035708942065648883,0.003867574948283683
Low CMP r2,AACGTATATACGTTG,0.00362034725162,0.00118219340955,#15b01a,9.092887567375448e-4,0.003366007443248962,0.0036433454733068235
Low CMP r2,ATTGATATCCTCTGG,0.00344421637298,9.99602670496e-4,#b790d4,7.682055907305259e-4,0.0031891122849573455,0.0034534091003181216
Low CMP r2,AATGGGTATACAGTG,0.00333493015951,3.92808687602e-4,#acbf69,3.015458877842327e-4,0.0030727123427346766,0.003327615421646261
Low CMP r3,TGGTGAGAGGTTGTG,0.0694986001418,0.341906266379,#7e1e9c,0.30718166745422776,0.06260747734239341,0.06782104201466754
Low CMP r3,CATTGACTATAGAAA,0.0601967174911,0.0669850454655,#653700,0.06055878389997559,0.054458719835959325,0.05899370889660361
Low CMP r3,TTTTCAGGCATTAAA,0.0306168300205,0.0738493679836,#ffff14,0.06565185873855522,0.02727543747917532,0.02954248418395934
Low CMP r3,CGCTTCGCTGTCTCC,0.0149926001825,0.145840052614,#00035b,0.12816404220896085,0.013257027980591113,0.014357255183227733
Low CMP r3,TCAGACAGTCCGTGC,0.0147387502328,0.0188989313485,#c79fef,0.017131354675726775,0.013429221680902336,0.014544398375680377
Low CMP r3,TGTAAGGGGAAAGAT,0.0126172976187,0.037560953746,#c7fdb5,0.03386232310409832,0.011387922248002011,0.01233555947998071
Low CMP r3,ATTTTAAATCGTAAC,0.0114538837373,0.0193839086684,#ad8150,0.017187327864245927,0.010169263905944966,0.011015215022341563
Low CMP r3,AATTGGTGCATAAGA,0.0109968146677,0.00373913671842,#6e750e,0.0032980502726589903,0.009661811386911258,0.010464899776986038
Low CMP r3,GCGGTAGATGTCGGT,0.00988308579269,0.0451782625518,#4b006e,0.040141350095955194,0.008851468082129279,0.009588465404478084
Low CMP r3,GGATATCTTATGACA,0.00827860032174,0.0582245366326,#7af9ab,0.051687680608574156,0.007391198643411887,0.008006838105316752
Low CMP r3,TCATTCGTGTAGGTA,0.00580353008296,0.002560446084,#580f41,0.0022631933739392395,0.005114344466168278,0.005539214800552265
Low CMP r3,GGTTCCAGCGAGTGA,0.00556105731106,0.00311695344236,#d0fefe,0.0027580545984481836,0.004925593710953523,0.005333509780792158
Low CMP r3,CTGGTCCGTGCAGGC,0.00541399383848,0.00717751798084,#929591,0.006315749286058745,0.004762510364769449,0.004781094187719773
Low CMP r3,GGCAGAAAGCTAATT,0.00534136216258,0.00330684648574,#137e6d,0.002914973652967202,0.0047014556919190995,0.005091968629875278
Low CMP r3,CAGAGGAAAGGTGTA,0.00507945363758,0.00438565118404,#fdaa48,0.0038623117800428404,0.004477430646754021,0.004849618590752193
Low CMP r3,GACTATCCTTTACGT,0.00428731774904,0.00264752613087,#06c2ac,0.0023494179678141226,0.0037999262340552764,0.004115692978064936
Low CMP r3,ATACAACGTGGTAGC,0.00317916150672,0.00134644778353,#4b5d16,0.0011887022810368499,0.0028080749312146555,0.0030413186537316104
Low CMP r3,ATTGATATCCTCTGG,0.00315351417601,9.17267552529e-4,#b790d4,8.108023724219777e-4,0.0027787589294791413,0.0030088596318834007
Low CMP r3,GTATCCTTCGAAGGA,0.00313544982779,0.00149883786555,#632de9,0.0013266939856808936,0.0027726492857768213,0.0029846841003995706
Low CMP r3,TTGGGATACCCTGCC,0.00297176386016,0.00110514824189,#be03fd,0.001016576637729391,0.0027708506315570172,0.0028235997689797245
No drug r1,AACGTATATACGTTG,0.0238948131258,0.0865824079212,#15b01a,0.08197397949143413,0.02329508498982847,0.025084095290387996
No drug r1,CGTAGTAGGAGTAAG,0.0208986936046,0.0856481210133,#e50000,0.0797411622752516,0.020090805092018653,0.021632593840912206
No drug r1,AGGAATCCTTATTGC,0.0148645258431,0.0614993234775,#c20078,0.05642788972788594,0.01411464755383189,0.015195687616154316
No drug r1,CCAGCTCGCGACCGT,0.00556079200493,0.0226239096141,#35063e,0.025485343831215927,0.006091039710902129,0.006546548163049525
No drug r1,AGGATTATTGCGGCT,0.00446092995472,0.0167757624128,#ff028d,0.01524330247224396,0.004219327455690459,0.004538964042506774
No drug r1,CGGAACGGTAGACCT,0.00435390651463,0.0201400432725,#53fca1,0.019940141004474412,0.004376194549322347,0.00471281912987488
No drug r1,GCACCAGTAATATTA,0.00423460555185,0.0170967520685,#04d8b2,0.016065566803433556,0.004111158715300384,0.004424568920287868
No drug r1,GGGTGCAGTGCTACT,0.00411085036011,0.0125545115009,#ff796c,0.011356948641739431,0.0038401070396839264,0.00405817845252718
No drug r1,CTCGGTTTTTGCAAT,0.00378246303025,0.0154149857525,#96f97b,0.014325415266584563,0.0036355239744441633,0.003914977735949079
No drug r1,TACGCGGAGCTACAG,0.00347257417915,0.020852605391,#aaff32,0.019323904702335692,0.0032237073377744028,0.0033622163180909584
No drug r1,TATAAGGCTTATCAG,0.00332421358636,0.0158045629415,#001146,0.014491253971582914,0.0031543037413854663,0.003396094389607648
No drug r1,ACCGTTGTGGAATTA,0.00330479356348,0.0116962944026,#0485d1,0.010823862665226626,0.0031712052088990793,0.003412553612613872
No drug r1,GTGTGGGCCAACCCT,0.00324207083583,0.0125397963574,#0b4008,0.012238111120247381,0.003228142551739794,0.003476415054403203
No drug r1,GGTTCCGTTGGGGAT,0.00306925909332,0.011812020277,#658b38,0.011037281834333139,0.002956376954717703,0.003183744411456335
No drug r1,TAGCATCTGTTGGAG,0.00284260526226,0.0102053261337,#40a368,0.009273802011683544,0.002686250431564452,0.002885107935226351
No drug r1,GCGTTGGTTCAGCCC,0.00288760081411,0.0345965494236,#5e819d,0.03204590452310055,0.002693603735584659,0.0029004290122401446
No drug r1,TAAGGCCCATCACTG,0.00277461033107,0.011377798839,#5729ce,0.010536763068690483,0.0026527891404286505,0.0028568498435385466
No drug r1,GGAAGCGATATGGGT,0.00268992614376,0.0114239395432,#1e488f,0.010589655914713635,0.002575858379137131,0.0027737647861694583
No drug r1,ATGGGGCCGAGCCAA,0.00264267669148,0.0134638574876,#6c3461,0.012903775671508171,0.0025866025066612346,0.0027855546220645366
No drug r1,AAAAGTTAAGGATGT,0.00243262688873,0.0215225185342,#06b48b,0.019785619982686256,0.0022817415997846394,0.002456948637035031
No drug r2,AACGTATATACGTTG,0.0598451713702,0.317905774235,#15b01a,0.2598071292128519,0.053859516828246363,0.057999637270222656
No drug r2,AGGAATCCTTATTGC,0.0123176965961,0.0526404886757,#c20078,0.04297345768365578,0.011131488407603831,0.011983060458842516
No drug r2,CGTAGTAGGAGTAAG,0.0117802464264,0.0378545900688,#e50000,0.03083145507943747,0.01075067373990984,0.011574002385124167
No drug r2,TCAATTGCCACCAA,0.00747015882897,0.0795716451614,#01ff07,0.0670867125379231,0.006542188161454826,0.0070363523763765584
No drug r2,GGGTGCAGTGCTACT,0.00668164452821,0.0126308113947,#ff796c,0.01024502125015698,0.005396291026190991,0.005734045821953423
No drug r2,TACGCGGAGCTACAG,0.00681701863625,0.030855118197,#aaff32,0.02519283773869247,0.005167039017971796,0.0054550119730298625
No drug r2,ATATCAACATCTGAA,0.00470745532999,0.0141533612501,#01153e,0.011541346922858294,0.004319017674659342,0.0046403571850750424
No drug r2,TTGGGATACCCTGCC,0.00618100235137,2.87885591833e-4,#be03fd,2.398767072281379e-4,0.004207328530426782,0.004366454878458202
No drug r2,GAATGGGGATTTGAG,0.00601921845761,3.2235076832e-4,#0165fc,2.608073958037274e-4,0.0040326063645816515,0.0041823080451670975
No drug r2,GGTGCGGAGAATATT,0.0043025294935,0.0409459812422,#c1f80a,0.0333045811769216,0.003562519744341079,0.003823307423576196
No drug r2,CCCGACTAGCTTGGT,0.00481208561367,0.0129318748482,#80f9ad,0.01072229603043983,0.003510283347875709,0.0036838235455747105
No drug r2,ATGCCACGACACCGT,0.00468486619831,2.12535255003e-4,#fac205,1.77910852892511e-4,0.0032661662288833633,0.003391036949396949
No drug r2,TCAGGGGTATTCCAG,0.00316930699631,0.0129933715356,#607c8e,0.010645733774860701,0.002894349174178816,0.0031168414140675454
No drug r2,GGTGCCGTAGACTAG,0.00267916732248,0.0110427101252,#98eff9,0.009021126776079087,0.002441705633130445,0.002628957973232466
No drug r2,TTTGTTAGACACAGA,0.00230622943006,0.00675990510588,#960056,0.005601437828143624,0.0021494539058266268,0.0023128810747138472
No drug r2,ATGGGGCCGAGCCAA,0.00229623647921,0.00957658854898,#6c3461,0.007953937062521068,0.0021263604611561496,0.00228990934228983
No drug r2,CGTTTATGTTCATTT,0.002260278914,0.00850749229011,#045c5a,0.00693742164761974,0.0020613884229945664,0.0022189298108541786
No drug r2,CCAGGTTAGGATTAT,0.00226160492033,0.00809526174781,#d46a7e,0.006636405297447117,0.0020594705288232043,0.0022051813607959453
No drug r2,GAAAAGCGCGCTACT,0.00218058019185,0.00716605355821,#a2a415,0.005844619380936329,0.001998748006302967,0.002148793901132585
No drug r2,AGGATTATTGCGGCT,0.00216121720117,0.00780264564156,#ff028d,0.006333185716898116,0.0019438791061111595,0.002088486973893639
No drug r3,AACGTATATACGTTG,0.0350841755833,0.132206921127,#15b01a,0.10668360904994605,0.03245493934293294,0.03494832881808219
No drug r3,CGTAGTAGGAGTAAG,0.0211842143334,0.0824303545554,#e50000,0.06812550805600207,0.020061449840623136,0.021600980493255498
No drug r3,AGGAATCCTTATTGC,0.0115397651597,0.0646651275597,#c20078,0.051720054162658124,0.010306708039340936,0.01109483544686709
No drug r3,GTATGTGGAAGATTA,0.0059040185132,0.0274332237538,#650021,0.02206138909303782,0.005362645657202597,0.005756752490464265
No drug r3,GGGTGCAGTGCTACT,0.00563547669749,0.0183175972756,#ff796c,0.01459266135708715,0.005050041443021848,0.005361190502440282
No drug r3,CTCGGTTTTTGCAAT,0.00541917434533,0.0220490720436,#96f97b,0.017707988617296895,0.004978184849064611,0.00536092021630956
No drug r3,ATTATGGATTTCAAC,0.00419982069686,0.0184886523729,#3f9b0b,0.014828208206174889,0.0038327544221811666,0.004127045131659137
No drug r3,TGTCAAGACTGGCAT,0.00414423878908,0.0164315573085,#8fff9f,0.013267452672323038,0.0038260445054251187,0.004113859282072823
No drug r3,ACTGAGACACGGGTC,0.00421254252642,3.06172288654e-4,#033500,2.677776032986303e-4,0.004104325198887319,0.004313735643321093
No drug r3,CGGAGATCGACCAGG,0.00376350868433,0.0176186750161,#fe01b1,0.014886673295208598,0.0036084640688859074,0.0038849305041254605
No drug r3,AGCGTAGTGGAACAA,0.00383291965917,0.0445660369521,#6b8ba4,0.036167590927267554,0.0032091352670377974,0.003450885911163714
No drug r3,TTCGCTGTTTAAAAT,0.00297186529749,0.0121495791648,#610023,0.009708577765501774,0.002710781722316372,0.0029163090770816854
No drug r3,AGTAGTTTGTAGACG,0.00294904557693,0.0122891302537,#5b7c99,0.009931944387707491,0.002716449265635736,0.00292325491699159
No drug r3,TGGTGCAATTTAAGG,0.00240448528671,0.00966449631275,#ffffff,0.007952189049114048,0.0022557306588580272,0.0024264387063159254
No drug r3,TCGTTTTCCGTACGG,0.00247112580257,0.0291218386019,#fd3c06,0.023240435055217654,0.002033339782253386,0.002187921636411245
No drug r3,TTGGGATACCCTGCC,0.00238846924757,2.78168725668e-4,#be03fd,0.00022074318872343353,0.002032180450878203,0.002023987715867425
No drug r3,CCTTAGATATAGGGT,0.00212801107396,0.00819687624922,#d5b60a,0.0065638305726692945,0.001951817941047009,0.0020987384600656017
No drug r3,GTGTAGATGCTAGTT,0.00234193664449,0.0267195996237,#6f7632,0.02159666659046217,0.001949614280646786,0.0020940459903997246
No drug r3,GAATGGGGATTTGAG,0.00228117637886,3.05705562604e-4,#0165fc,2.422928208993205e-4,0.0019122859047528504,0.0018989437054587244
No drug r3,CTAAGATTGATTCTA,0.00231321508778,0.0201499637471,#10a674,0.016164660177291634,0.001919065883874163,0.0020187599693802464
